INSERT INTO USER_DATA VALUES (900,'paris-gare-de-lyon@tchoutchou.ovh',NULL,'$2y$10$GMdR2gln6DLnRBEg5o8akuBHXI7PQohASUqmwXAzCpa9QbBJ4dnrG','Paris-Gare-De-Lyon','GARE',1);
INSERT INTO USER_DATA VALUES (901,'belfort-montbéliar-tgv@tchoutchou.ovh',NULL,'$2y$10$GMdR2gln6DLnRBEg5o8akuBHXI7PQohASUqmwXAzCpa9QbBJ4dnrG','Belfort-Montbéliar-TGV','GARE',1);
INSERT INTO USER_DATA VALUES (902,'besançon-franche-compté-tgv@tchoutchou.ovh',NULL,'$2y$10$GMdR2gln6DLnRBEg5o8akuBHXI7PQohASUqmwXAzCpa9QbBJ4dnrG','Besançon-Franche-Compté-TGV','GARE',1);
INSERT INTO USER_DATA VALUES (903,'le-creusot-tgv@tchoutchou.ovh',NULL,'$2y$10$GMdR2gln6DLnRBEg5o8akuBHXI7PQohASUqmwXAzCpa9QbBJ4dnrG','Le-Creusot-TGV','GARE',1);
INSERT INTO USER_DATA VALUES (904,'chalon-sur-saône@tchoutchou.ovh',NULL,'$2y$10$GMdR2gln6DLnRBEg5o8akuBHXI7PQohASUqmwXAzCpa9QbBJ4dnrG','Chalon-sur-Saône','GARE',1);
INSERT INTO USER_DATA VALUES (905,'macon-loche-tgv@tchoutchou.ovh',NULL,'$2y$10$GMdR2gln6DLnRBEg5o8akuBHXI7PQohASUqmwXAzCpa9QbBJ4dnrG','Macon-Loche-TGV','GARE',1);
INSERT INTO USER_DATA VALUES (906,'lyon-part-dieu@tchoutchou.ovh',NULL,'$2y$10$GMdR2gln6DLnRBEg5o8akuBHXI7PQohASUqmwXAzCpa9QbBJ4dnrG','Lyon-Part-Dieu','GARE',1);
INSERT INTO USER_DATA VALUES (907,'lyon-perrache@tchoutchou.ovh',NULL,'$2y$10$GMdR2gln6DLnRBEg5o8akuBHXI7PQohASUqmwXAzCpa9QbBJ4dnrG','Lyon-Perrache','GARE',1);
INSERT INTO USER_DATA VALUES (908,'valence-tgv@tchoutchou.ovh',NULL,'$2y$10$GMdR2gln6DLnRBEg5o8akuBHXI7PQohASUqmwXAzCpa9QbBJ4dnrG','Valence-TGV','GARE',1);
INSERT INTO USER_DATA VALUES (909,'valence-ville@tchoutchou.ovh',NULL,'$2y$10$GMdR2gln6DLnRBEg5o8akuBHXI7PQohASUqmwXAzCpa9QbBJ4dnrG','Valence-Ville','GARE',1);
INSERT INTO USER_DATA VALUES (910,'montélimar@tchoutchou.ovh',NULL,'$2y$10$GMdR2gln6DLnRBEg5o8akuBHXI7PQohASUqmwXAzCpa9QbBJ4dnrG','Montélimar','GARE',1);
INSERT INTO USER_DATA VALUES (911,'orange@tchoutchou.ovh',NULL,'$2y$10$GMdR2gln6DLnRBEg5o8akuBHXI7PQohASUqmwXAzCpa9QbBJ4dnrG','Orange','GARE',1);
INSERT INTO USER_DATA VALUES (912,'avignon-centre@tchoutchou.ovh',NULL,'$2y$10$GMdR2gln6DLnRBEg5o8akuBHXI7PQohASUqmwXAzCpa9QbBJ4dnrG','Avignon-Centre','GARE',1);
INSERT INTO USER_DATA VALUES (913,'montpellier-saint-roch@tchoutchou.ovh',NULL,'$2y$10$GMdR2gln6DLnRBEg5o8akuBHXI7PQohASUqmwXAzCpa9QbBJ4dnrG','Montpellier-Saint-Roch','GARE',1);
INSERT INTO USER_DATA VALUES (914,'montpellier-sud-de-france@tchoutchou.ovh',NULL,'$2y$10$GMdR2gln6DLnRBEg5o8akuBHXI7PQohASUqmwXAzCpa9QbBJ4dnrG','Montpellier Sud de France','GARE',1);
INSERT INTO USER_DATA VALUES (915,'nîmes-centre@tchoutchou.ovh',NULL,'$2y$10$GMdR2gln6DLnRBEg5o8akuBHXI7PQohASUqmwXAzCpa9QbBJ4dnrG','Nîmes-Centre','GARE',1);
INSERT INTO USER_DATA VALUES (916,'zurich-gare-centrale@tchoutchou.ovh',NULL,'$2y$10$GMdR2gln6DLnRBEg5o8akuBHXI7PQohASUqmwXAzCpa9QbBJ4dnrG','Zurich-Gare-Centrale','GARE',1);
INSERT INTO USER_DATA VALUES (917,'bâle-cff@tchoutchou.ovh',NULL,'$2y$10$GMdR2gln6DLnRBEg5o8akuBHXI7PQohASUqmwXAzCpa9QbBJ4dnrG','Bâle-CFF','GARE',1);
INSERT INTO USER_DATA VALUES (918,'dijon-ville@tchoutchou.ovh',NULL,'$2y$10$GMdR2gln6DLnRBEg5o8akuBHXI7PQohASUqmwXAzCpa9QbBJ4dnrG','Dijon-Ville','GARE',1);
INSERT INTO USER_DATA VALUES (919,'londres-st-pancras-international@tchoutchou.ovh',NULL,'$2y$10$GMdR2gln6DLnRBEg5o8akuBHXI7PQohASUqmwXAzCpa9QbBJ4dnrG','Londres St Pancras International','GARE',1);
INSERT INTO USER_DATA VALUES (920,'ashford-international@tchoutchou.ovh',NULL,'$2y$10$GMdR2gln6DLnRBEg5o8akuBHXI7PQohASUqmwXAzCpa9QbBJ4dnrG','Ashford International','GARE',1);
INSERT INTO USER_DATA VALUES (921,'amsterdam-centraal@tchoutchou.ovh',NULL,'$2y$10$GMdR2gln6DLnRBEg5o8akuBHXI7PQohASUqmwXAzCpa9QbBJ4dnrG','Amsterdam Centraal','GARE',1);
INSERT INTO USER_DATA VALUES (922,'rotterdam-centraal@tchoutchou.ovh',NULL,'$2y$10$GMdR2gln6DLnRBEg5o8akuBHXI7PQohASUqmwXAzCpa9QbBJ4dnrG','Rotterdam Centraal','GARE',1);
INSERT INTO USER_DATA VALUES (923,'anvers-central@tchoutchou.ovh',NULL,'$2y$10$GMdR2gln6DLnRBEg5o8akuBHXI7PQohASUqmwXAzCpa9QbBJ4dnrG','Anvers-Central','GARE',1);
INSERT INTO USER_DATA VALUES (924,'bruxelles-midi@tchoutchou.ovh',NULL,'$2y$10$GMdR2gln6DLnRBEg5o8akuBHXI7PQohASUqmwXAzCpa9QbBJ4dnrG','Bruxelles-Midi','GARE',1);
INSERT INTO USER_DATA VALUES (925,'calais-ville@tchoutchou.ovh',NULL,'$2y$10$GMdR2gln6DLnRBEg5o8akuBHXI7PQohASUqmwXAzCpa9QbBJ4dnrG','Calais-Ville','GARE',1);
INSERT INTO USER_DATA VALUES (926,'béthune@tchoutchou.ovh',NULL,'$2y$10$GMdR2gln6DLnRBEg5o8akuBHXI7PQohASUqmwXAzCpa9QbBJ4dnrG','Béthune','GARE',1);
INSERT INTO USER_DATA VALUES (927,'arras@tchoutchou.ovh',NULL,'$2y$10$GMdR2gln6DLnRBEg5o8akuBHXI7PQohASUqmwXAzCpa9QbBJ4dnrG','Arras','GARE',1);
INSERT INTO USER_DATA VALUES (928,'lens@tchoutchou.ovh',NULL,'$2y$10$GMdR2gln6DLnRBEg5o8akuBHXI7PQohASUqmwXAzCpa9QbBJ4dnrG','Lens','GARE',1);
INSERT INTO USER_DATA VALUES (929,'lille-europe@tchoutchou.ovh',NULL,'$2y$10$GMdR2gln6DLnRBEg5o8akuBHXI7PQohASUqmwXAzCpa9QbBJ4dnrG','Lille-Europe','GARE',1);
INSERT INTO USER_DATA VALUES (930,'tgv-haute-picardie@tchoutchou.ovh',NULL,'$2y$10$GMdR2gln6DLnRBEg5o8akuBHXI7PQohASUqmwXAzCpa9QbBJ4dnrG','TGV-Haute Picardie','GARE',1);
INSERT INTO USER_DATA VALUES (931,'le-havre@tchoutchou.ovh',NULL,'$2y$10$GMdR2gln6DLnRBEg5o8akuBHXI7PQohASUqmwXAzCpa9QbBJ4dnrG','Le Havre','GARE',1);
INSERT INTO USER_DATA VALUES (932,'rouen-rive-droite@tchoutchou.ovh',NULL,'$2y$10$GMdR2gln6DLnRBEg5o8akuBHXI7PQohASUqmwXAzCpa9QbBJ4dnrG','Rouen-Rive-Droite','GARE',1);
INSERT INTO USER_DATA VALUES (933,'mantes-la-jolie@tchoutchou.ovh',NULL,'$2y$10$GMdR2gln6DLnRBEg5o8akuBHXI7PQohASUqmwXAzCpa9QbBJ4dnrG','Mantes-la-Jolie','GARE',1);
INSERT INTO USER_DATA VALUES (934,'massy-tgv@tchoutchou.ovh',NULL,'$2y$10$GMdR2gln6DLnRBEg5o8akuBHXI7PQohASUqmwXAzCpa9QbBJ4dnrG','Massy-TGV','GARE',1);
INSERT INTO USER_DATA VALUES (935,'massy-palaiseau@tchoutchou.ovh',NULL,'$2y$10$GMdR2gln6DLnRBEg5o8akuBHXI7PQohASUqmwXAzCpa9QbBJ4dnrG','Massy-Palaiseau','GARE',1);
INSERT INTO USER_DATA VALUES (936,'versailles-chateau-rive-gauche@tchoutchou.ovh',NULL,'$2y$10$GMdR2gln6DLnRBEg5o8akuBHXI7PQohASUqmwXAzCpa9QbBJ4dnrG','Versailles-Chateau-Rive-Gauche','GARE',1);
INSERT INTO USER_DATA VALUES (937,'le-mans@tchoutchou.ovh',NULL,'$2y$10$GMdR2gln6DLnRBEg5o8akuBHXI7PQohASUqmwXAzCpa9QbBJ4dnrG','Le Mans','GARE',1);
INSERT INTO USER_DATA VALUES (938,'rennes@tchoutchou.ovh',NULL,'$2y$10$GMdR2gln6DLnRBEg5o8akuBHXI7PQohASUqmwXAzCpa9QbBJ4dnrG','Rennes','GARE',1);
INSERT INTO USER_DATA VALUES (939,'vendôme-villiers-sur-loir-tgv@tchoutchou.ovh',NULL,'$2y$10$GMdR2gln6DLnRBEg5o8akuBHXI7PQohASUqmwXAzCpa9QbBJ4dnrG','Vendôme-Villiers-sur-Loir-TGV','GARE',1);
INSERT INTO USER_DATA VALUES (940,'tours@tchoutchou.ovh',NULL,'$2y$10$GMdR2gln6DLnRBEg5o8akuBHXI7PQohASUqmwXAzCpa9QbBJ4dnrG','Tours','GARE',1);
INSERT INTO USER_DATA VALUES (941,'saumur@tchoutchou.ovh',NULL,'$2y$10$GMdR2gln6DLnRBEg5o8akuBHXI7PQohASUqmwXAzCpa9QbBJ4dnrG','Saumur','GARE',1);
INSERT INTO USER_DATA VALUES (942,'quimper@tchoutchou.ovh',NULL,'$2y$10$GMdR2gln6DLnRBEg5o8akuBHXI7PQohASUqmwXAzCpa9QbBJ4dnrG','Quimper','GARE',1);
INSERT INTO USER_DATA VALUES (943,'brest@tchoutchou.ovh',NULL,'$2y$10$GMdR2gln6DLnRBEg5o8akuBHXI7PQohASUqmwXAzCpa9QbBJ4dnrG','Brest','GARE',1);
INSERT INTO USER_DATA VALUES (944,'rosporden@tchoutchou.ovh',NULL,'$2y$10$GMdR2gln6DLnRBEg5o8akuBHXI7PQohASUqmwXAzCpa9QbBJ4dnrG','Rosporden','GARE',1);
INSERT INTO USER_DATA VALUES (945,'quimperlé@tchoutchou.ovh',NULL,'$2y$10$GMdR2gln6DLnRBEg5o8akuBHXI7PQohASUqmwXAzCpa9QbBJ4dnrG','Quimperlé','GARE',1);
INSERT INTO USER_DATA VALUES (946,'lorient@tchoutchou.ovh',NULL,'$2y$10$GMdR2gln6DLnRBEg5o8akuBHXI7PQohASUqmwXAzCpa9QbBJ4dnrG','Lorient','GARE',1);
INSERT INTO USER_DATA VALUES (947,'auray@tchoutchou.ovh',NULL,'$2y$10$GMdR2gln6DLnRBEg5o8akuBHXI7PQohASUqmwXAzCpa9QbBJ4dnrG','Auray','GARE',1);
INSERT INTO USER_DATA VALUES (948,'vannes@tchoutchou.ovh',NULL,'$2y$10$GMdR2gln6DLnRBEg5o8akuBHXI7PQohASUqmwXAzCpa9QbBJ4dnrG','Vannes','GARE',1);
INSERT INTO USER_DATA VALUES (949,'redon@tchoutchou.ovh',NULL,'$2y$10$GMdR2gln6DLnRBEg5o8akuBHXI7PQohASUqmwXAzCpa9QbBJ4dnrG','Redon','GARE',1);
INSERT INTO USER_DATA VALUES (950,'ancenis@tchoutchou.ovh',NULL,'$2y$10$GMdR2gln6DLnRBEg5o8akuBHXI7PQohASUqmwXAzCpa9QbBJ4dnrG','Ancenis','GARE',1);
INSERT INTO USER_DATA VALUES (951,'angers-st-laud@tchoutchou.ovh',NULL,'$2y$10$GMdR2gln6DLnRBEg5o8akuBHXI7PQohASUqmwXAzCpa9QbBJ4dnrG','Angers St Laud','GARE',1);
INSERT INTO USER_DATA VALUES (952,'châtellerault@tchoutchou.ovh',NULL,'$2y$10$GMdR2gln6DLnRBEg5o8akuBHXI7PQohASUqmwXAzCpa9QbBJ4dnrG','Châtellerault','GARE',1);
INSERT INTO USER_DATA VALUES (953,'poitiers-tgv@tchoutchou.ovh',NULL,'$2y$10$GMdR2gln6DLnRBEg5o8akuBHXI7PQohASUqmwXAzCpa9QbBJ4dnrG','Poitiers TGV','GARE',1);
INSERT INTO USER_DATA VALUES (954,'futuroscope@tchoutchou.ovh',NULL,'$2y$10$GMdR2gln6DLnRBEg5o8akuBHXI7PQohASUqmwXAzCpa9QbBJ4dnrG','Futuroscope','GARE',1);
INSERT INTO USER_DATA VALUES (955,'st-maixent@tchoutchou.ovh',NULL,'$2y$10$GMdR2gln6DLnRBEg5o8akuBHXI7PQohASUqmwXAzCpa9QbBJ4dnrG','St-Maixent','GARE',1);
INSERT INTO USER_DATA VALUES (956,'angoulême-tgv@tchoutchou.ovh',NULL,'$2y$10$GMdR2gln6DLnRBEg5o8akuBHXI7PQohASUqmwXAzCpa9QbBJ4dnrG','Angoulême TGV','GARE',1);
INSERT INTO USER_DATA VALUES (957,'libourne-tgv@tchoutchou.ovh',NULL,'$2y$10$GMdR2gln6DLnRBEg5o8akuBHXI7PQohASUqmwXAzCpa9QbBJ4dnrG','Libourne TGV','GARE',1);
INSERT INTO USER_DATA VALUES (958,'agen-tgv@tchoutchou.ovh',NULL,'$2y$10$GMdR2gln6DLnRBEg5o8akuBHXI7PQohASUqmwXAzCpa9QbBJ4dnrG','Agen TGV','GARE',1);
INSERT INTO USER_DATA VALUES (959,'montauban@tchoutchou.ovh',NULL,'$2y$10$GMdR2gln6DLnRBEg5o8akuBHXI7PQohASUqmwXAzCpa9QbBJ4dnrG','Montauban','GARE',1);
INSERT INTO USER_DATA VALUES (960,'toulouse-matabiau@tchoutchou.ovh',NULL,'$2y$10$GMdR2gln6DLnRBEg5o8akuBHXI7PQohASUqmwXAzCpa9QbBJ4dnrG','Toulouse-Matabiau','GARE',1);
INSERT INTO USER_DATA VALUES (961,'carcassonne-tgv@tchoutchou.ovh',NULL,'$2y$10$GMdR2gln6DLnRBEg5o8akuBHXI7PQohASUqmwXAzCpa9QbBJ4dnrG','Carcassonne TGV','GARE',1);
INSERT INTO USER_DATA VALUES (962,'narbonne@tchoutchou.ovh',NULL,'$2y$10$GMdR2gln6DLnRBEg5o8akuBHXI7PQohASUqmwXAzCpa9QbBJ4dnrG','Narbonne','GARE',1);
INSERT INTO USER_DATA VALUES (963,'perpignan@tchoutchou.ovh',NULL,'$2y$10$GMdR2gln6DLnRBEg5o8akuBHXI7PQohASUqmwXAzCpa9QbBJ4dnrG','Perpignan','GARE',1);
INSERT INTO USER_DATA VALUES (964,'béziers@tchoutchou.ovh',NULL,'$2y$10$GMdR2gln6DLnRBEg5o8akuBHXI7PQohASUqmwXAzCpa9QbBJ4dnrG','Béziers','GARE',1);
INSERT INTO USER_DATA VALUES (965,'agde@tchoutchou.ovh',NULL,'$2y$10$GMdR2gln6DLnRBEg5o8akuBHXI7PQohASUqmwXAzCpa9QbBJ4dnrG','Agde','GARE',1);
INSERT INTO USER_DATA VALUES (966,'sète@tchoutchou.ovh',NULL,'$2y$10$GMdR2gln6DLnRBEg5o8akuBHXI7PQohASUqmwXAzCpa9QbBJ4dnrG','Sète','GARE',1);
INSERT INTO USER_DATA VALUES (967,'marseille-st-charles@tchoutchou.ovh',NULL,'$2y$10$GMdR2gln6DLnRBEg5o8akuBHXI7PQohASUqmwXAzCpa9QbBJ4dnrG','Marseille-St-Charles','GARE',1);
INSERT INTO USER_DATA VALUES (968,'aix-en-provence-tgv@tchoutchou.ovh',NULL,'$2y$10$GMdR2gln6DLnRBEg5o8akuBHXI7PQohASUqmwXAzCpa9QbBJ4dnrG','Aix-en-Provence TGV','GARE',1);
INSERT INTO USER_DATA VALUES (969,'figueres-vilafant@tchoutchou.ovh',NULL,'$2y$10$GMdR2gln6DLnRBEg5o8akuBHXI7PQohASUqmwXAzCpa9QbBJ4dnrG','Figueres-Vilafant','GARE',1);
INSERT INTO USER_DATA VALUES (970,'girona@tchoutchou.ovh',NULL,'$2y$10$GMdR2gln6DLnRBEg5o8akuBHXI7PQohASUqmwXAzCpa9QbBJ4dnrG','Girona','GARE',1);
INSERT INTO USER_DATA VALUES (971,'barcelone-sants@tchoutchou.ovh',NULL,'$2y$10$GMdR2gln6DLnRBEg5o8akuBHXI7PQohASUqmwXAzCpa9QbBJ4dnrG','Barcelone-Sants','GARE',1);
INSERT INTO USER_DATA VALUES (972,'tarragone@tchoutchou.ovh',NULL,'$2y$10$GMdR2gln6DLnRBEg5o8akuBHXI7PQohASUqmwXAzCpa9QbBJ4dnrG','Tarragone','GARE',1);
INSERT INTO USER_DATA VALUES (973,'zaragoza-delicias@tchoutchou.ovh',NULL,'$2y$10$GMdR2gln6DLnRBEg5o8akuBHXI7PQohASUqmwXAzCpa9QbBJ4dnrG','Zaragoza Delicias','GARE',1);
INSERT INTO USER_DATA VALUES (974,'madrid-atocha@tchoutchou.ovh',NULL,'$2y$10$GMdR2gln6DLnRBEg5o8akuBHXI7PQohASUqmwXAzCpa9QbBJ4dnrG','Madrid-Atocha','GARE',1);
INSERT INTO USER_DATA VALUES (975,'genève-cornavin@tchoutchou.ovh',NULL,'$2y$10$GMdR2gln6DLnRBEg5o8akuBHXI7PQohASUqmwXAzCpa9QbBJ4dnrG','Genève Cornavin','GARE',1);
INSERT INTO USER_DATA VALUES (976,'lausanne-gare@tchoutchou.ovh',NULL,'$2y$10$GMdR2gln6DLnRBEg5o8akuBHXI7PQohASUqmwXAzCpa9QbBJ4dnrG','Lausanne Gare','GARE',1);
INSERT INTO USER_DATA VALUES (977,'neuchâtel-gare@tchoutchou.ovh',NULL,'$2y$10$GMdR2gln6DLnRBEg5o8akuBHXI7PQohASUqmwXAzCpa9QbBJ4dnrG','Neuchâtel Gare','GARE',1);
INSERT INTO USER_DATA VALUES (978,'paris-montparnasse@tchoutchou.ovh',NULL,'$2y$10$GMdR2gln6DLnRBEg5o8akuBHXI7PQohASUqmwXAzCpa9QbBJ4dnrG','Paris Montparnasse','GARE',1);
INSERT INTO USER_DATA VALUES (979,'paris-gare-du-nord@tchoutchou.ovh',NULL,'$2y$10$GMdR2gln6DLnRBEg5o8akuBHXI7PQohASUqmwXAzCpa9QbBJ4dnrG','Paris Gare du Nord','GARE',1);

INSERT INTO EMPLOYEES_DATA VALUES(900,2 ,1);
INSERT INTO EMPLOYEES_DATA VALUES(901,2 ,2);
INSERT INTO EMPLOYEES_DATA VALUES(902,2 ,3);
INSERT INTO EMPLOYEES_DATA VALUES(903,2 ,4);
INSERT INTO EMPLOYEES_DATA VALUES(904,2 ,5);
INSERT INTO EMPLOYEES_DATA VALUES(905,2 ,6);
INSERT INTO EMPLOYEES_DATA VALUES(906,2 ,7);
INSERT INTO EMPLOYEES_DATA VALUES(907,2 ,8);
INSERT INTO EMPLOYEES_DATA VALUES(908,2 ,9);
INSERT INTO EMPLOYEES_DATA VALUES(909,2 ,10);
INSERT INTO EMPLOYEES_DATA VALUES(910,2 ,11);
INSERT INTO EMPLOYEES_DATA VALUES(911,2 ,12);
INSERT INTO EMPLOYEES_DATA VALUES(912,2 ,13);
INSERT INTO EMPLOYEES_DATA VALUES(913,2 ,14);
INSERT INTO EMPLOYEES_DATA VALUES(914,2 ,80);
INSERT INTO EMPLOYEES_DATA VALUES(915,2 ,15);
INSERT INTO EMPLOYEES_DATA VALUES(916,2 ,16);
INSERT INTO EMPLOYEES_DATA VALUES(917,2 ,17);
INSERT INTO EMPLOYEES_DATA VALUES(918,2 ,18);
INSERT INTO EMPLOYEES_DATA VALUES(919,2 ,19);
INSERT INTO EMPLOYEES_DATA VALUES(920,2 ,20);
INSERT INTO EMPLOYEES_DATA VALUES(921,2 ,21);
INSERT INTO EMPLOYEES_DATA VALUES(922,2 ,22);
INSERT INTO EMPLOYEES_DATA VALUES(923,2 ,23);
INSERT INTO EMPLOYEES_DATA VALUES(924,2 ,24);
INSERT INTO EMPLOYEES_DATA VALUES(925,2 ,25);
INSERT INTO EMPLOYEES_DATA VALUES(926,2 ,26);
INSERT INTO EMPLOYEES_DATA VALUES(927,2 ,27);
INSERT INTO EMPLOYEES_DATA VALUES(928,2 ,28);
INSERT INTO EMPLOYEES_DATA VALUES(929,2 ,29);
INSERT INTO EMPLOYEES_DATA VALUES(930,2 ,30);
INSERT INTO EMPLOYEES_DATA VALUES(931,2 ,31);
INSERT INTO EMPLOYEES_DATA VALUES(932,2 ,32);
INSERT INTO EMPLOYEES_DATA VALUES(933,2 ,33);
INSERT INTO EMPLOYEES_DATA VALUES(934,2 ,34);
INSERT INTO EMPLOYEES_DATA VALUES(935,2 ,35);
INSERT INTO EMPLOYEES_DATA VALUES(936,2 ,36);
INSERT INTO EMPLOYEES_DATA VALUES(937,2 ,37);
INSERT INTO EMPLOYEES_DATA VALUES(938,2 ,38);
INSERT INTO EMPLOYEES_DATA VALUES(939,2 ,39);
INSERT INTO EMPLOYEES_DATA VALUES(940,2 ,40);
INSERT INTO EMPLOYEES_DATA VALUES(941,2 ,41);
INSERT INTO EMPLOYEES_DATA VALUES(942,2 ,42);
INSERT INTO EMPLOYEES_DATA VALUES(943,2 ,43);
INSERT INTO EMPLOYEES_DATA VALUES(944,2 ,44);
INSERT INTO EMPLOYEES_DATA VALUES(945,2 ,45);
INSERT INTO EMPLOYEES_DATA VALUES(946,2 ,46);
INSERT INTO EMPLOYEES_DATA VALUES(947,2 ,47);
INSERT INTO EMPLOYEES_DATA VALUES(948,2 ,48);
INSERT INTO EMPLOYEES_DATA VALUES(949,2 ,49);
INSERT INTO EMPLOYEES_DATA VALUES(950,2 ,50);
INSERT INTO EMPLOYEES_DATA VALUES(951,2 ,51);
INSERT INTO EMPLOYEES_DATA VALUES(952,2 ,52);
INSERT INTO EMPLOYEES_DATA VALUES(953,2 ,53);
INSERT INTO EMPLOYEES_DATA VALUES(954,2 ,54);
INSERT INTO EMPLOYEES_DATA VALUES(955,2 ,55);
INSERT INTO EMPLOYEES_DATA VALUES(956,2 ,56);
INSERT INTO EMPLOYEES_DATA VALUES(957,2 ,57);
INSERT INTO EMPLOYEES_DATA VALUES(958,2 ,58);
INSERT INTO EMPLOYEES_DATA VALUES(959,2 ,59);
INSERT INTO EMPLOYEES_DATA VALUES(960,2 ,60);
INSERT INTO EMPLOYEES_DATA VALUES(961,2 ,61);
INSERT INTO EMPLOYEES_DATA VALUES(962,2 ,62);
INSERT INTO EMPLOYEES_DATA VALUES(963,2 ,63);
INSERT INTO EMPLOYEES_DATA VALUES(964,2 ,64);
INSERT INTO EMPLOYEES_DATA VALUES(965,2 ,65);
INSERT INTO EMPLOYEES_DATA VALUES(966,2 ,66);
INSERT INTO EMPLOYEES_DATA VALUES(967,2 ,67);
INSERT INTO EMPLOYEES_DATA VALUES(968,2 ,68);
INSERT INTO EMPLOYEES_DATA VALUES(969,2 ,69);
INSERT INTO EMPLOYEES_DATA VALUES(970,2 ,70);
INSERT INTO EMPLOYEES_DATA VALUES(971,2 ,71);
INSERT INTO EMPLOYEES_DATA VALUES(972,2 ,72);
INSERT INTO EMPLOYEES_DATA VALUES(973,2 ,73);
INSERT INTO EMPLOYEES_DATA VALUES(974,2 ,74);
INSERT INTO EMPLOYEES_DATA VALUES(975,2 ,75);
INSERT INTO EMPLOYEES_DATA VALUES(976,2 ,76);
INSERT INTO EMPLOYEES_DATA VALUES(977,2 ,77);
INSERT INTO EMPLOYEES_DATA VALUES(978,2 ,78);
INSERT INTO EMPLOYEES_DATA VALUES(979,2 ,79);

INSERT INTO COUNTRY VALUES (56,'Belgique','BE');
INSERT INTO COUNTRY VALUES (724,'Espagne','ES');
INSERT INTO COUNTRY VALUES (826,'Royaume-Uni','GB');
INSERT INTO COUNTRY VALUES (528,'Pays-Bas','NL');

INSERT INTO REGION VALUES (1,250,'Ain');
INSERT INTO REGION VALUES (2,250,'Aisne');
INSERT INTO REGION VALUES (3,250,'Allier');
INSERT INTO REGION VALUES (4,250,'Alpes-de-Haute-Provence');
INSERT INTO REGION VALUES (5,250,'Hautes-Alpes');
INSERT INTO REGION VALUES (6,250,'Alpes-Maritimes');
INSERT INTO REGION VALUES (7,250,'Ardèche');
INSERT INTO REGION VALUES (8,250,'Ardennes');
INSERT INTO REGION VALUES (9,250,'Ariège');
INSERT INTO REGION VALUES (10,250,'Aube');
INSERT INTO REGION VALUES (11,250,'Aude');
INSERT INTO REGION VALUES (12,250,'Aveyron');
INSERT INTO REGION VALUES (13,250,'Bouches-du-Rhône');
INSERT INTO REGION VALUES (14,250,'Calvados');
INSERT INTO REGION VALUES (15,250,'Cantal');
INSERT INTO REGION VALUES (16,250,'Charente');
INSERT INTO REGION VALUES (17,250,'Charente-Maritime');
INSERT INTO REGION VALUES (18,250,'Cher');
INSERT INTO REGION VALUES (19,250,'Corrèze');
INSERT INTO REGION VALUES (20,250,'Corse-du-Sud');
/*INSERT INTO REGION VALUES (21,250,'Côte-d''Or');*/
INSERT INTO REGION VALUES (22,250,'Côtes-d''Armor');
INSERT INTO REGION VALUES (23,250,'Creuse');
INSERT INTO REGION VALUES (24,250,'Dordogne');
/*INSERT INTO REGION VALUES (25,250,'Doubs');*/
/*INSERT INTO REGION VALUES (26,250,'Drôme');*/
INSERT INTO REGION VALUES (27,250,'Eure');
INSERT INTO REGION VALUES (28,250,'Eure-et-Loir');
INSERT INTO REGION VALUES (29,250,'Finistère');
/*INSERT INTO REGION VALUES (30,250,'Gard');*/
INSERT INTO REGION VALUES (31,250,'Haute-Garonne');
INSERT INTO REGION VALUES (32,250,'Gers');
INSERT INTO REGION VALUES (33,250,'Gironde');
/*INSERT INTO REGION VALUES (34,250,'Hérault');*/
INSERT INTO REGION VALUES (35,250,'Ille-et-Vilaine');
INSERT INTO REGION VALUES (36,250,'Indre');
INSERT INTO REGION VALUES (37,250,'Indre-et-Loire');
INSERT INTO REGION VALUES (38,250,'Isère');
INSERT INTO REGION VALUES (39,250,'Jura');
INSERT INTO REGION VALUES (40,250,'Landes');
INSERT INTO REGION VALUES (41,250,'Loir-et-Cher');
INSERT INTO REGION VALUES (42,250,'Loire');
INSERT INTO REGION VALUES (43,250,'Haute-Loire');
INSERT INTO REGION VALUES (44,250,'Loire-Atlantique');
INSERT INTO REGION VALUES (45,250,'Loiret');
INSERT INTO REGION VALUES (46,250,'Lot');
INSERT INTO REGION VALUES (47,250,'Lot-et-Garonne');
INSERT INTO REGION VALUES (48,250,'Lozère');
INSERT INTO REGION VALUES (49,250,'Maine-et-Loire');
INSERT INTO REGION VALUES (50,250,'Manche');
INSERT INTO REGION VALUES (51,250,'Marne');
INSERT INTO REGION VALUES (52,250,'Haute-Marne');
INSERT INTO REGION VALUES (53,250,'Mayenne');
INSERT INTO REGION VALUES (54,250,'Meurthe-et-Moselle');
INSERT INTO REGION VALUES (55,250,'Meuse');
INSERT INTO REGION VALUES (56,250,'Morbihan');
INSERT INTO REGION VALUES (57,250,'Moselle');
INSERT INTO REGION VALUES (58,250,'Nièvre');
INSERT INTO REGION VALUES (59,250,'Nord');
INSERT INTO REGION VALUES (60,250,'Oise');
INSERT INTO REGION VALUES (61,250,'Orne');
INSERT INTO REGION VALUES (62,250,'Pas-de-Calais');
INSERT INTO REGION VALUES (63,250,'Puy-de-Dôme');
INSERT INTO REGION VALUES (64,250,'Pyrénées-Atlantiques');
INSERT INTO REGION VALUES (65,250,'Hautes-Pyrénées');
INSERT INTO REGION VALUES (66,250,'Pyrénées-Orientales');
INSERT INTO REGION VALUES (67,250,'Bas-Rhin');
INSERT INTO REGION VALUES (68,250,'Haut-Rhin');
/*INSERT INTO REGION VALUES (69,250,'Rhône');*/
INSERT INTO REGION VALUES (70,250,'Haute-Saône');
/*INSERT INTO REGION VALUES (71,250,'Saône-et-Loire');*/
INSERT INTO REGION VALUES (72,250,'Sarthe');
INSERT INTO REGION VALUES (73,250,'Savoie');
INSERT INTO REGION VALUES (74,250,'Haute-Savoie');
/*INSERT INTO REGION VALUES (75,250,'Paris');*/
INSERT INTO REGION VALUES (76,250,'Seine-Maritime');
INSERT INTO REGION VALUES (77,250,'Seine-et-Marne');
INSERT INTO REGION VALUES (78,250,'Yvelines');
INSERT INTO REGION VALUES (79,250,'Deux-Sèvres');
INSERT INTO REGION VALUES (80,250,'Somme');
INSERT INTO REGION VALUES (81,250,'Tarn');
INSERT INTO REGION VALUES (82,250,'Tarn-et-Garonne');
INSERT INTO REGION VALUES (83,250,'Var');
/*INSERT INTO REGION VALUES (84,250,'Vaucluse');*/
INSERT INTO REGION VALUES (85,250,'Vendée');
INSERT INTO REGION VALUES (86,250,'Vienne');
INSERT INTO REGION VALUES (87,250,'Haute-Vienne');
INSERT INTO REGION VALUES (88,250,'Vosges');
INSERT INTO REGION VALUES (89,250,'Yonne');
/*INSERT INTO REGION VALUES (90,250,'Territoire de Belfort');*/
INSERT INTO REGION VALUES (91,250,'Essonne');
INSERT INTO REGION VALUES (92,250,'Hauts-de-Seine');
INSERT INTO REGION VALUES (93,250,'Seine-Saint-Denis');
INSERT INTO REGION VALUES (94,250,'Val-de-Marne');
INSERT INTO REGION VALUES (95,250,'Val-d''Oise');
INSERT INTO REGION VALUES (971,250,'Guadeloupe');
INSERT INTO REGION VALUES (972,250,'Martinique');
INSERT INTO REGION VALUES (973,250,'Guyane');
INSERT INTO REGION VALUES (974,250,'La Réunion');
INSERT INTO REGION VALUES (976,250,'Mayotte');

INSERT INTO REGION VALUES (1,56,'Bruxelles-Capitale');
INSERT INTO REGION VALUES (10,56,'Anvers');
INSERT INTO REGION VALUES (20,56,'Brabant Flamand');
INSERT INTO REGION VALUES (25,56,'Brabant Wallon');
INSERT INTO REGION VALUES (30,56,'Flandre Occidentale');
INSERT INTO REGION VALUES (40,56,'Flandre Orientale');
INSERT INTO REGION VALUES (70,56,'Limbourg');
INSERT INTO REGION VALUES (50,56,'Hainaut');
INSERT INTO REGION VALUES (60,56,'Liège');
INSERT INTO REGION VALUES (80,56,'Luxembourg');
INSERT INTO REGION VALUES (90,56,'Namur');

INSERT INTO REGION VALUES(1,724,'Alava');
INSERT INTO REGION VALUES(2,724,'Albacete');
INSERT INTO REGION VALUES(3,724,'Alicante');
INSERT INTO REGION VALUES(4,724,'Almeria');
INSERT INTO REGION VALUES(5,724,'Avila');
INSERT INTO REGION VALUES(6,724,'Badajoz');
INSERT INTO REGION VALUES(7,724,'Baleares');
INSERT INTO REGION VALUES(8,724,'Barcelona');
INSERT INTO REGION VALUES(9,724,'Burgos');
INSERT INTO REGION VALUES(10,724,'Caceres');
INSERT INTO REGION VALUES(11,724,'Cadiz');
INSERT INTO REGION VALUES(12,724,'Castellon');
INSERT INTO REGION VALUES(13,724,'Ciudad Real');
INSERT INTO REGION VALUES(14,724,'Cordoba');
INSERT INTO REGION VALUES(15,724,'A Coruna');
INSERT INTO REGION VALUES(16,724,'Cuenca');
INSERT INTO REGION VALUES(17,724,'Girona');
INSERT INTO REGION VALUES(18,724,'Granada');
INSERT INTO REGION VALUES(19,724,'Guadalajara');
INSERT INTO REGION VALUES(20,724,'Gipuzkoa');
INSERT INTO REGION VALUES(21,724,'Huelva');
INSERT INTO REGION VALUES(22,724,'Huesca');
INSERT INTO REGION VALUES(23,724,'Jaen');
INSERT INTO REGION VALUES(24,724,'Leon');
INSERT INTO REGION VALUES(25,724,'Lleida');
INSERT INTO REGION VALUES(26,724,'La Rioja');
INSERT INTO REGION VALUES(27,724,'Lugo');
INSERT INTO REGION VALUES(28,724,'Madrid');
INSERT INTO REGION VALUES(29,724,'Malaga');
INSERT INTO REGION VALUES(30,724,'Murcia');
INSERT INTO REGION VALUES(31,724,'Navarra');
INSERT INTO REGION VALUES(32,724,'Ourense');
INSERT INTO REGION VALUES(33,724,'Asturias');
INSERT INTO REGION VALUES(34,724,'Palencia');
INSERT INTO REGION VALUES(35,724,'Las Palmas');
INSERT INTO REGION VALUES(36,724,'Pontevedra');
INSERT INTO REGION VALUES(37,724,'Salamanca');
INSERT INTO REGION VALUES(38,724,'Santa Cruz de Tenerife');
INSERT INTO REGION VALUES(39,724,'Cantabria');
INSERT INTO REGION VALUES(40,724,'Segovia');
INSERT INTO REGION VALUES(41,724,'Sevilla');
INSERT INTO REGION VALUES(42,724,'Soria');
INSERT INTO REGION VALUES(43,724,'Tarragona');
INSERT INTO REGION VALUES(44,724,'Teruel');
INSERT INTO REGION VALUES(45,724,'Toledo');
INSERT INTO REGION VALUES(46,724,'Valencia');
INSERT INTO REGION VALUES(47,724,'Valladolid');
INSERT INTO REGION VALUES(48,724,'Vizcaya');
INSERT INTO REGION VALUES(49,724,'Zamora');
INSERT INTO REGION VALUES(50,724,'Zaragoza');
INSERT INTO REGION VALUES(51,724,'Ceuta');
INSERT INTO REGION VALUES(52,724,'Melilla');

INSERT INTO REGION VALUES(1,826,'Aberdeen');
INSERT INTO REGION VALUES(2,826,'St Albans');
INSERT INTO REGION VALUES(3,826,'Birmingham');
INSERT INTO REGION VALUES(4,826,'Bath');
INSERT INTO REGION VALUES(5,826,'Blackburn');
INSERT INTO REGION VALUES(6,826,'Bradford');
INSERT INTO REGION VALUES(7,826,'Bournemouth');
INSERT INTO REGION VALUES(8,826,'Bolton');
INSERT INTO REGION VALUES(9,826,'Brighton');
INSERT INTO REGION VALUES(10,826,'Bromley');
INSERT INTO REGION VALUES(11,826,'Bristol');
INSERT INTO REGION VALUES(12,826,'Belfast');
INSERT INTO REGION VALUES(13,826,'Carlisle');
INSERT INTO REGION VALUES(14,826,'Cambridge');
INSERT INTO REGION VALUES(15,826,'Cardiff');
INSERT INTO REGION VALUES(16,826,'Chester');
INSERT INTO REGION VALUES(17,826,'Chelmsford');
INSERT INTO REGION VALUES(18,826,'Colchester');
INSERT INTO REGION VALUES(19,826,'Croydon');
INSERT INTO REGION VALUES(20,826,'Canterbury');
INSERT INTO REGION VALUES(21,826,'Coventry');
INSERT INTO REGION VALUES(22,826,'Crewe');
INSERT INTO REGION VALUES(23,826,'Dartford');
INSERT INTO REGION VALUES(24,826,'Dundee');
INSERT INTO REGION VALUES(25,826,'Derby');
INSERT INTO REGION VALUES(26,826,'Dumfries');
INSERT INTO REGION VALUES(27,826,'Durham');
INSERT INTO REGION VALUES(28,826,'Darlington');
INSERT INTO REGION VALUES(29,826,'Doncaster');
INSERT INTO REGION VALUES(30,826,'Dorchester');
INSERT INTO REGION VALUES(31,826,'Dudley');
INSERT INTO REGION VALUES(32,826,'Londres');
INSERT INTO REGION VALUES(33,826,'Edinburgh');
INSERT INTO REGION VALUES(34,826,'Enfield');
INSERT INTO REGION VALUES(35,826,'Exeter');
INSERT INTO REGION VALUES(36,826,'Falkirk');
INSERT INTO REGION VALUES(37,826,'Blackpool');
INSERT INTO REGION VALUES(38,826,'Glasgow');
INSERT INTO REGION VALUES(39,826,'Gloucester');
INSERT INTO REGION VALUES(40,826,'Guildford');
INSERT INTO REGION VALUES(41,826,'Harrow');
INSERT INTO REGION VALUES(42,826,'Huddersfield');
INSERT INTO REGION VALUES(43,826,'Harrogate');
INSERT INTO REGION VALUES(44,826,'Hemel Hempstead');
INSERT INTO REGION VALUES(45,826,'Hereford');
INSERT INTO REGION VALUES(46,826,'Hebrides Externas');
INSERT INTO REGION VALUES(47,826,'Kingston upon Hull');
INSERT INTO REGION VALUES(48,826,'Halifax');
INSERT INTO REGION VALUES(49,826,'Ilford');
INSERT INTO REGION VALUES(50,826,'Ipswich'); 
INSERT INTO REGION VALUES(51,826,'Inverness');
INSERT INTO REGION VALUES(52,826,'Kilmarnock');
INSERT INTO REGION VALUES(53,826,'Kingston upon Thames');
INSERT INTO REGION VALUES(54,826,'Lancaster');
INSERT INTO REGION VALUES(55,826,'Llandrindod Wells');
INSERT INTO REGION VALUES(56,826,'Leicester');
INSERT INTO REGION VALUES(57,826,'Llandudno');
INSERT INTO REGION VALUES(58,826,'Lincoln');
INSERT INTO REGION VALUES(59,826,'Leeds');
INSERT INTO REGION VALUES(60,826,'Luton');
INSERT INTO REGION VALUES(61,826,'Manchester');
INSERT INTO REGION VALUES(62,826,'Rochester');
INSERT INTO REGION VALUES(63,826,'Milton Keynes');
INSERT INTO REGION VALUES(64,826,'Motherwell');
INSERT INTO REGION VALUES(65,826,'Newcastle upon Tyne');
INSERT INTO REGION VALUES(66,826,'Nottingham');
INSERT INTO REGION VALUES(67,826,'Northampton');
INSERT INTO REGION VALUES(68,826,'Newport');
INSERT INTO REGION VALUES(69,826,'Norwich');
INSERT INTO REGION VALUES(70,826,'Oldham');
INSERT INTO REGION VALUES(71,826,'Oxford');
INSERT INTO REGION VALUES(72,826,'Paisley');
INSERT INTO REGION VALUES(73,826,'Peterborough');
INSERT INTO REGION VALUES(74,826,'Perth');
INSERT INTO REGION VALUES(75,826,'Plymouth');
INSERT INTO REGION VALUES(76,826,'Portsmouth');
INSERT INTO REGION VALUES(77,826,'Preston');
INSERT INTO REGION VALUES(78,826,'Reading');
INSERT INTO REGION VALUES(79,826,'Redhill');
INSERT INTO REGION VALUES(80,826,'Romford');
INSERT INTO REGION VALUES(81,826,'Sheffield');
INSERT INTO REGION VALUES(82,826,'Swansea');
INSERT INTO REGION VALUES(83,826,'Stevenage');
INSERT INTO REGION VALUES(84,826,'Stockport');
INSERT INTO REGION VALUES(85,826,'Slough');
INSERT INTO REGION VALUES(86,826,'Sutton');
INSERT INTO REGION VALUES(87,826,'Swindon');
INSERT INTO REGION VALUES(88,826,'Southampton');
INSERT INTO REGION VALUES(89,826,'Salisbury');
INSERT INTO REGION VALUES(90,826,'Sunderland');
INSERT INTO REGION VALUES(91,826,'Southend-on-Sea');
INSERT INTO REGION VALUES(92,826,'Stoke-on-Trent');
INSERT INTO REGION VALUES(93,826,'Shrewsbury');
INSERT INTO REGION VALUES(94,826,'Taunton');
INSERT INTO REGION VALUES(95,826,'Galashiels');
INSERT INTO REGION VALUES(96,826,'Telford');
INSERT INTO REGION VALUES(97,826,'Tonbridge');
INSERT INTO REGION VALUES(98,826,'Torquay');
INSERT INTO REGION VALUES(99,826,'Truro');
INSERT INTO REGION VALUES(100,826,'Cleveland');
INSERT INTO REGION VALUES(101,826,'Twickenham');
INSERT INTO REGION VALUES(102,826,'Southall');
INSERT INTO REGION VALUES(103,826,'Warrington');
INSERT INTO REGION VALUES(104,826,'Watford');
INSERT INTO REGION VALUES(105,826,'Wakefield');
INSERT INTO REGION VALUES(106,826,'Wigan');
INSERT INTO REGION VALUES(107,826,'Worcester');
INSERT INTO REGION VALUES(108,826,'Walsall');
INSERT INTO REGION VALUES(109,826,'Wolverhampton');
INSERT INTO REGION VALUES(110,826,'York');
INSERT INTO REGION VALUES(111,826,'Lerwick');

INSERT INTO REGION VALUES (1,528,'Drenthe');
INSERT INTO REGION VALUES (2,528,'Flevoland');
INSERT INTO REGION VALUES (3,528,'Friesland');
INSERT INTO REGION VALUES (4,528,'Gelderland');
INSERT INTO REGION VALUES (5,528,'Groningen');
INSERT INTO REGION VALUES (6,528,'Limburg');
INSERT INTO REGION VALUES (7,528,'North-Brabant');
INSERT INTO REGION VALUES (8,528,'North-Holland');
INSERT INTO REGION VALUES (9,528,'Overijssel');
INSERT INTO REGION VALUES (10,528,'South-Holland');
INSERT INTO REGION VALUES (11,528,'Utrecht');
INSERT INTO REGION VALUES (12,528,'Zeeland');



INSERT INTO CITY VALUES(17,826,32,32000,'Londres');
INSERT INTO STATION VALUES(19,17,'Londres St Pancras International');
INSERT INTO PLATFORM VALUES('A',1,19,0,0,null,480);
INSERT INTO PLATFORM VALUES('B',1,19,0,0,null,480);
INSERT INTO PLATFORM VALUES('C',1,19,0,0,null,480);
INSERT INTO PLATFORM VALUES('D',1,19,0,0,null,480);
INSERT INTO PLATFORM VALUES('E',1,19,0,0,null,480);
INSERT INTO PLATFORM VALUES('F',1,19,0,0,null,480);
INSERT INTO PLATFORM VALUES('G',1,19,0,0,null,480);
INSERT INTO PLATFORM VALUES('H',1,19,0,0,null,480);
INSERT INTO PLATFORM VALUES('I',1,19,0,0,null,480);
INSERT INTO PLATFORM VALUES('J',1,19,0,0,null,480);
INSERT INTO PLATFORM VALUES('K',1,19,0,0,null,480);
INSERT INTO PLATFORM VALUES('L',1,19,0,0,null,480);
INSERT INTO PLATFORM VALUES('M',1,19,0,0,null,480);
INSERT INTO PLATFORM VALUES('N',1,19,0,0,null,480);
INSERT INTO PLATFORM VALUES('O',1,19,0,0,null,480);
INSERT INTO PLATFORM VALUES('P',1,19,0,0,null,480);
INSERT INTO CITY VALUES(18,826,97,97000,'Ashford');
INSERT INTO STATION VALUES(20,18,'Ashford International');
INSERT INTO PLATFORM VALUES('A',1,20,0,0,null,400);
INSERT INTO PLATFORM VALUES('B',1,20,0,0,null,400);
INSERT INTO PLATFORM VALUES('C',1,20,0,0,null,480);
INSERT INTO PLATFORM VALUES('D',1,20,0,0,null,480);
INSERT INTO PLATFORM VALUES('E',1,20,0,0,null,480);
INSERT INTO PLATFORM VALUES('F',1,20,0,0,null,480);


INSERT INTO CITY VALUES(19,528,7,7000,'Amsterdam');
INSERT INTO STATION VALUES(21,19,'Amsterdam Centraal');
INSERT INTO PLATFORM VALUES('A',1,21,0,0,null,480);
INSERT INTO PLATFORM VALUES('B',1,21,0,0,null,480);
INSERT INTO PLATFORM VALUES('C',1,21,0,0,null,480);
INSERT INTO PLATFORM VALUES('D',1,21,0,0,null,480);
INSERT INTO PLATFORM VALUES('E',1,21,0,0,null,480);
INSERT INTO PLATFORM VALUES('F',1,21,0,0,null,480);
INSERT INTO PLATFORM VALUES('G',1,21,0,0,null,480);
INSERT INTO PLATFORM VALUES('H',1,21,0,0,null,480);
INSERT INTO PLATFORM VALUES('I',1,21,0,0,null,480);
INSERT INTO PLATFORM VALUES('J',1,21,0,0,null,480);
INSERT INTO PLATFORM VALUES('K',1,21,0,0,null,480);
INSERT INTO PLATFORM VALUES('L',1,21,0,0,null,480);
INSERT INTO PLATFORM VALUES('M',1,21,0,0,null,480);
INSERT INTO PLATFORM VALUES('N',1,21,0,0,null,480);
INSERT INTO PLATFORM VALUES('O',1,21,0,0,null,480);
INSERT INTO PLATFORM VALUES('P',1,21,0,0,null,480);

INSERT INTO CITY VALUES(20,528,10,10000,'Rotterdam');
INSERT INTO STATION VALUES(22,20,'Rotterdam Centraal');
INSERT INTO PLATFORM VALUES('A',1,22,0,0,null,480);
INSERT INTO PLATFORM VALUES('B',1,22,0,0,null,480);
INSERT INTO PLATFORM VALUES('C',1,22,0,0,null,480);
INSERT INTO PLATFORM VALUES('D',1,22,0,0,null,480);
INSERT INTO PLATFORM VALUES('E',1,22,0,0,null,480);
INSERT INTO PLATFORM VALUES('F',1,22,0,0,null,480);
INSERT INTO PLATFORM VALUES('G',1,22,0,0,null,480);
INSERT INTO PLATFORM VALUES('H',1,22,0,0,null,480);
INSERT INTO PLATFORM VALUES('I',1,22,0,0,null,480);
INSERT INTO PLATFORM VALUES('J',1,22,0,0,null,480);
INSERT INTO PLATFORM VALUES('K',1,22,0,0,null,480);
INSERT INTO PLATFORM VALUES('L',1,22,0,0,null,480);
INSERT INTO PLATFORM VALUES('M',1,22,0,0,null,480);


INSERT INTO CITY VALUES(21,56,10,2000,'Anvers');
INSERT INTO STATION VALUES(23,21,'Anvers-Central');
INSERT INTO PLATFORM VALUES('A',1,23,0,0,null,480);
INSERT INTO PLATFORM VALUES('B',1,23,0,0,null,480);
INSERT INTO PLATFORM VALUES('C',1,23,0,0,null,480);
INSERT INTO PLATFORM VALUES('D',1,23,0,0,null,480);
INSERT INTO PLATFORM VALUES('E',1,23,0,0,null,480);
INSERT INTO PLATFORM VALUES('F',1,23,0,0,null,480);
INSERT INTO PLATFORM VALUES('G',1,23,0,0,null,480);
INSERT INTO PLATFORM VALUES('H',1,23,0,0,null,480);
INSERT INTO PLATFORM VALUES('I',1,23,0,0,null,480);
INSERT INTO PLATFORM VALUES('J',1,23,0,0,null,480);
INSERT INTO PLATFORM VALUES('K',1,23,0,0,null,480);
INSERT INTO PLATFORM VALUES('L',1,23,0,0,null,480);
INSERT INTO PLATFORM VALUES('M',1,23,0,0,null,480);
INSERT INTO PLATFORM VALUES('N',1,23,0,0,null,480);

INSERT INTO CITY VALUES(22,56,1,1000,'Bruxelles');
INSERT INTO STATION VALUES(24,22,'Bruxelles-Midi');
INSERT INTO PLATFORM VALUES('A',1,24,0,0,null,480);
INSERT INTO PLATFORM VALUES('B',1,24,0,0,null,480);
INSERT INTO PLATFORM VALUES('C',1,24,0,0,null,480);
INSERT INTO PLATFORM VALUES('D',1,24,0,0,null,480);
INSERT INTO PLATFORM VALUES('E',1,24,0,0,null,480);
INSERT INTO PLATFORM VALUES('F',1,24,0,0,null,480);
INSERT INTO PLATFORM VALUES('G',1,24,0,0,null,480);
INSERT INTO PLATFORM VALUES('H',1,24,0,0,null,480);
INSERT INTO PLATFORM VALUES('I',1,24,0,0,null,480);
INSERT INTO PLATFORM VALUES('J',1,24,0,0,null,480);
INSERT INTO PLATFORM VALUES('K',1,24,0,0,null,480);
INSERT INTO PLATFORM VALUES('L',1,24,0,0,null,480);
INSERT INTO PLATFORM VALUES('M',1,24,0,0,null,480);
INSERT INTO PLATFORM VALUES('N',1,24,0,0,null,480);
INSERT INTO PLATFORM VALUES('O',1,24,0,0,null,480);
INSERT INTO PLATFORM VALUES('P',1,24,0,0,null,480);
INSERT INTO PLATFORM VALUES('Q',1,24,0,0,null,480);
INSERT INTO PLATFORM VALUES('R',1,24,0,0,null,480);
INSERT INTO PLATFORM VALUES('S',1,24,0,0,null,480);
INSERT INTO PLATFORM VALUES('T',1,24,0,0,null,480);
INSERT INTO PLATFORM VALUES('U',1,24,0,0,null,480);
INSERT INTO PLATFORM VALUES('V',1,24,0,0,null,480);


INSERT INTO CITY VALUES(23,250,62,62100,'Calais');
INSERT INTO STATION VALUES(25,23,'Calais-Ville');
INSERT INTO PLATFORM VALUES('A',1,25,0,0,null,480);
INSERT INTO PLATFORM VALUES('B',1,25,0,0,null,480);
INSERT INTO PLATFORM VALUES('C',1,25,0,0,null,480);
INSERT INTO PLATFORM VALUES('D',1,25,0,0,null,480);
INSERT INTO PLATFORM VALUES('E',1,25,0,0,null,480);
INSERT INTO PLATFORM VALUES('F',1,25,0,0,null,480);
INSERT INTO PLATFORM VALUES('G',1,25,0,0,null,480);
INSERT INTO CITY VALUES(24,250,62,62400,'Béthune');
INSERT INTO STATION VALUES(26,24,'Béthune');
INSERT INTO PLATFORM VALUES('A',1,26,0,0,null,480);
INSERT INTO PLATFORM VALUES('B',1,26,0,0,null,480);
INSERT INTO PLATFORM VALUES('C',1,26,0,0,null,480);
INSERT INTO PLATFORM VALUES('D',1,26,0,0,null,480);
INSERT INTO PLATFORM VALUES('E',1,26,0,0,null,480);
INSERT INTO CITY VALUES(25,250,62,62200,'Arras');
INSERT INTO STATION VALUES(27,25,'Arras');
INSERT INTO PLATFORM VALUES('A',1,27,0,0,null,480);
INSERT INTO PLATFORM VALUES('B',1,27,0,0,null,480);
INSERT INTO PLATFORM VALUES('C',1,27,0,0,null,480);
INSERT INTO PLATFORM VALUES('D',1,27,0,0,null,480);
INSERT INTO PLATFORM VALUES('E',1,27,0,0,null,480);
INSERT INTO PLATFORM VALUES('F',1,27,0,0,null,480);
INSERT INTO PLATFORM VALUES('G',1,27,0,0,null,480);
INSERT INTO PLATFORM VALUES('H',1,27,0,0,null,480);
INSERT INTO CITY VALUES(26,250,62,62300,'Lens');
INSERT INTO STATION VALUES(28,26,'Lens');
INSERT INTO PLATFORM VALUES('A',1,28,0,0,null,480);
INSERT INTO PLATFORM VALUES('B',1,28,0,0,null,480);
INSERT INTO PLATFORM VALUES('C',1,28,0,0,null,480);
INSERT INTO PLATFORM VALUES('D',1,28,0,0,null,480);
INSERT INTO PLATFORM VALUES('E',1,28,0,0,null,480);
INSERT INTO PLATFORM VALUES('F',1,28,0,0,null,480);
INSERT INTO PLATFORM VALUES('G',1,28,0,0,null,480);
INSERT INTO PLATFORM VALUES('H',1,28,0,0,null,480);
INSERT INTO CITY VALUES(27,250,59,59000,'Lille');
INSERT INTO STATION VALUES(29,27,'Lille-Europe');
INSERT INTO PLATFORM VALUES('A',1,29,0,0,null,480);
INSERT INTO PLATFORM VALUES('B',1,29,0,0,null,480);
INSERT INTO PLATFORM VALUES('C',1,29,0,0,null,480);
INSERT INTO PLATFORM VALUES('D',1,29,0,0,null,480);
INSERT INTO CITY VALUES(28,250,80,80200,'Estrées-Deniécourt');
INSERT INTO STATION VALUES(30,28,'TGV-Haute Picardie');
INSERT INTO PLATFORM VALUES('A',1,30,0,0,null,480);
INSERT INTO PLATFORM VALUES('B',1,30,0,0,null,480);
INSERT INTO CITY VALUES(29,250,76,76310,'Le Havre');
INSERT INTO STATION VALUES(31,29,'Le Havre');
INSERT INTO PLATFORM VALUES('A',1,31,0,0,null,480);
INSERT INTO PLATFORM VALUES('B',1,31,0,0,null,480);
INSERT INTO PLATFORM VALUES('C',1,31,0,0,null,480);
INSERT INTO PLATFORM VALUES('D',1,31,0,0,null,480);
INSERT INTO PLATFORM VALUES('E',1,31,0,0,null,480);
INSERT INTO CITY VALUES(30,250,76,76100,'Rouen');
INSERT INTO STATION VALUES(32,30,'Rouen-Rive-Droite');
INSERT INTO PLATFORM VALUES('A',1,32,0,0,null,480);
INSERT INTO PLATFORM VALUES('B',1,32,0,0,null,480);
INSERT INTO PLATFORM VALUES('C',1,32,0,0,null,480);
INSERT INTO PLATFORM VALUES('D',1,32,0,0,null,480);
INSERT INTO PLATFORM VALUES('E',1,32,0,0,null,480);
INSERT INTO PLATFORM VALUES('F',1,32,0,0,null,480);
INSERT INTO CITY VALUES(31,250,78,78200,'Mantes-la-Jolie');
INSERT INTO STATION VALUES(33,31,'Mantes-la-Jolie');
INSERT INTO PLATFORM VALUES('A',1,33,0,0,null,480);
INSERT INTO PLATFORM VALUES('B',1,33,0,0,null,480);
INSERT INTO PLATFORM VALUES('C',1,33,0,0,null,480);
INSERT INTO PLATFORM VALUES('D',1,33,0,0,null,480);
INSERT INTO PLATFORM VALUES('E',1,33,0,0,null,480);
INSERT INTO PLATFORM VALUES('F',1,33,0,0,null,480);
INSERT INTO PLATFORM VALUES('G',1,33,0,0,null,480);
INSERT INTO PLATFORM VALUES('H',1,33,0,0,null,480);
INSERT INTO CITY VALUES(32,250,91,91300,'Massy');
INSERT INTO STATION VALUES(34,32,'Massy-TGV');
INSERT INTO PLATFORM VALUES('A',1,34,0,0,null,480);
INSERT INTO PLATFORM VALUES('B',1,34,0,0,null,480);
INSERT INTO STATION VALUES(35,32,'Massy-Palaiseau');
INSERT INTO PLATFORM VALUES('A',1,35,0,0,null,480);
INSERT INTO PLATFORM VALUES('B',1,35,0,0,null,480);
INSERT INTO PLATFORM VALUES('C',1,35,0,0,null,480);
INSERT INTO PLATFORM VALUES('D',1,35,0,0,null,480);
INSERT INTO PLATFORM VALUES('E',1,35,0,0,null,480);
INSERT INTO PLATFORM VALUES('F',1,35,0,0,null,480);
INSERT INTO PLATFORM VALUES('G',1,35,0,0,null,480);
INSERT INTO PLATFORM VALUES('H',1,35,0,0,null,480);
INSERT INTO CITY VALUES(33,250,78,78000,'Versailles');
INSERT INTO STATION VALUES(36,33,'Versailles-Chateau-Rive-Gauche');
INSERT INTO PLATFORM VALUES('A',1,36,0,0,null,480);
INSERT INTO PLATFORM VALUES('B',1,36,0,0,null,480);
INSERT INTO PLATFORM VALUES('C',1,36,0,0,null,480);
INSERT INTO PLATFORM VALUES('D',1,36,0,0,null,480);
INSERT INTO PLATFORM VALUES('E',1,36,0,0,null,480);
INSERT INTO CITY VALUES(34,250,72,72000,'Le Mans');
INSERT INTO STATION VALUES(37,34,'Le Mans');
INSERT INTO PLATFORM VALUES('A',1,37,0,0,null,480);
INSERT INTO PLATFORM VALUES('B',1,37,0,0,null,480);
INSERT INTO PLATFORM VALUES('C',1,37,0,0,null,480);
INSERT INTO PLATFORM VALUES('D',1,37,0,0,null,480);
INSERT INTO PLATFORM VALUES('E',1,37,0,0,null,480);
INSERT INTO PLATFORM VALUES('F',1,37,0,0,null,480);
INSERT INTO PLATFORM VALUES('G',1,37,0,0,null,480);
INSERT INTO PLATFORM VALUES('H',1,37,0,0,null,480);
INSERT INTO CITY VALUES(35,250,35,35000,'Rennes');
INSERT INTO STATION VALUES(38,35,'Rennes');
INSERT INTO PLATFORM VALUES('A',1,38,0,0,null,480);
INSERT INTO PLATFORM VALUES('B',1,38,0,0,null,480);
INSERT INTO PLATFORM VALUES('C',1,38,0,0,null,480);
INSERT INTO PLATFORM VALUES('D',1,38,0,0,null,480);
INSERT INTO PLATFORM VALUES('E',1,38,0,0,null,480);
INSERT INTO PLATFORM VALUES('F',1,38,0,0,null,480);
INSERT INTO PLATFORM VALUES('G',1,38,0,0,null,480);
INSERT INTO PLATFORM VALUES('H',1,38,0,0,null,480);
INSERT INTO PLATFORM VALUES('I',1,38,0,0,null,480);
INSERT INTO PLATFORM VALUES('J',1,38,0,0,null,480);
INSERT INTO CITY VALUES(36,250,41,41100,'Vendôme-Villiers-sur-Loir');
INSERT INTO STATION VALUES(39,36,'Vendôme-Villiers-sur-Loir-TGV');
INSERT INTO PLATFORM VALUES('A',1,39,0,0,null,480);
INSERT INTO PLATFORM VALUES('B',1,39,0,0,null,480);
INSERT INTO CITY VALUES(37,250,37,37000,'Tours');
INSERT INTO STATION VALUES(40,37,'Tours');
INSERT INTO PLATFORM VALUES('A',1,40,0,0,null,480);
INSERT INTO PLATFORM VALUES('B',1,40,0,0,null,480);
INSERT INTO PLATFORM VALUES('C',1,40,0,0,null,480);
INSERT INTO PLATFORM VALUES('D',1,40,0,0,null,480);
INSERT INTO PLATFORM VALUES('E',1,40,0,0,null,480);
INSERT INTO PLATFORM VALUES('F',1,40,0,0,null,480);
INSERT INTO PLATFORM VALUES('G',1,40,0,0,null,480);
INSERT INTO PLATFORM VALUES('H',1,40,0,0,null,480);
INSERT INTO PLATFORM VALUES('I',1,40,0,0,null,480);
INSERT INTO PLATFORM VALUES('J',1,40,0,0,null,480);
INSERT INTO PLATFORM VALUES('K',1,40,0,0,null,480);
INSERT INTO PLATFORM VALUES('L',1,40,0,0,null,480);
INSERT INTO CITY VALUES(38,250,49,49400,'Saumur');
INSERT INTO STATION VALUES(41,38,'Saumur');
INSERT INTO PLATFORM VALUES('A',1,41,0,0,null,480);
INSERT INTO PLATFORM VALUES('B',1,41,0,0,null,480);
INSERT INTO PLATFORM VALUES('C',1,41,0,0,null,480);
INSERT INTO PLATFORM VALUES('D',1,41,0,0,null,480);
INSERT INTO CITY VALUES(39,250,29,29000,'Quimper');
INSERT INTO STATION VALUES(42,39,'Quimper');
INSERT INTO PLATFORM VALUES('A',1,42,0,0,null,480);
INSERT INTO PLATFORM VALUES('B',1,42,0,0,null,480);
INSERT INTO PLATFORM VALUES('C',1,42,0,0,null,480);
INSERT INTO PLATFORM VALUES('D',1,42,0,0,null,480);
INSERT INTO PLATFORM VALUES('E',1,42,0,0,null,480);
INSERT INTO CITY VALUES(40,250,29,29200,'Brest');
INSERT INTO STATION VALUES(43,40,'Brest');
INSERT INTO PLATFORM VALUES('A',1,43,0,0,null,480);
INSERT INTO PLATFORM VALUES('B',1,43,0,0,null,480);
INSERT INTO PLATFORM VALUES('C',1,43,0,0,null,480);
INSERT INTO PLATFORM VALUES('D',1,43,0,0,null,480);
INSERT INTO PLATFORM VALUES('E',1,43,0,0,null,480);
INSERT INTO PLATFORM VALUES('F',1,43,0,0,null,480);
INSERT INTO CITY VALUES(41,250,29,29140,'Rosporden');
INSERT INTO STATION VALUES(44,41,'Rosporden');
INSERT INTO PLATFORM VALUES('A',1,44,0,0,null,480);
INSERT INTO PLATFORM VALUES('B',1,44,0,0,null,480);
INSERT INTO CITY VALUES(42,250,29,29300,'Quimperlé');
INSERT INTO STATION VALUES(45,42,'Quimperlé');
INSERT INTO PLATFORM VALUES('A',1,45,0,0,null,480);
INSERT INTO PLATFORM VALUES('B',1,45,0,0,null,480);
INSERT INTO CITY VALUES(43,250,56,56100,'Lorient');
INSERT INTO STATION VALUES(46,43,'Lorient');
INSERT INTO PLATFORM VALUES('A',1,46,0,0,null,480);
INSERT INTO PLATFORM VALUES('B',1,46,0,0,null,480);
INSERT INTO PLATFORM VALUES('C',1,46,0,0,null,480);
INSERT INTO PLATFORM VALUES('D',1,46,0,0,null,480);
INSERT INTO CITY VALUES(44,250,56,56400,'Auray');
INSERT INTO STATION VALUES(47,44,'Auray');
INSERT INTO PLATFORM VALUES('A',1,47,0,0,null,480);
INSERT INTO PLATFORM VALUES('B',1,47,0,0,null,480);
INSERT INTO PLATFORM VALUES('C',1,47,0,0,null,480);
INSERT INTO PLATFORM VALUES('D',1,47,0,0,null,480);
INSERT INTO CITY VALUES(45,250,56,56000,'Vannes');
INSERT INTO STATION VALUES(48,45,'Vannes');
INSERT INTO PLATFORM VALUES('A',1,48,0,0,null,480);
INSERT INTO PLATFORM VALUES('B',1,48,0,0,null,480);
INSERT INTO PLATFORM VALUES('C',1,48,0,0,null,480);
INSERT INTO PLATFORM VALUES('D',1,48,0,0,null,480);
INSERT INTO CITY VALUES(46,250,35,35600,'Redon');
INSERT INTO STATION VALUES(49,46,'Redon');
INSERT INTO PLATFORM VALUES('A',1,49,0,0,null,480);
INSERT INTO PLATFORM VALUES('B',1,49,0,0,null,480);
INSERT INTO PLATFORM VALUES('C',1,49,0,0,null,480);
INSERT INTO PLATFORM VALUES('D',1,49,0,0,null,480);
INSERT INTO CITY VALUES(47,250,44,44150,'Ancenis');
INSERT INTO STATION VALUES(50,47,'Ancenis');
INSERT INTO PLATFORM VALUES('A',1,50,0,0,null,480);
INSERT INTO PLATFORM VALUES('B',1,50,0,0,null,480);
INSERT INTO PLATFORM VALUES('C',1,50,0,0,null,480);
INSERT INTO CITY VALUES(48,250,49,49000,'Angers');
INSERT INTO STATION VALUES(51,48,'Angers St Laud');
INSERT INTO PLATFORM VALUES('A',1,51,0,0,null,480);
INSERT INTO PLATFORM VALUES('B',1,51,0,0,null,480);
INSERT INTO PLATFORM VALUES('C',1,51,0,0,null,480);
INSERT INTO PLATFORM VALUES('D',1,51,0,0,null,480);
INSERT INTO PLATFORM VALUES('E',1,51,0,0,null,480);
INSERT INTO CITY VALUES(49,250,86,86100,'Châtellerault');
INSERT INTO STATION VALUES(52,49,'Châtellerault');
INSERT INTO PLATFORM VALUES('A',1,52,0,0,null,480);
INSERT INTO PLATFORM VALUES('B',1,52,0,0,null,480);
INSERT INTO PLATFORM VALUES('C',1,52,0,0,null,480);
INSERT INTO CITY VALUES(50,250,86,86000,'Poitiers');
INSERT INTO STATION VALUES(53,50,'Poitiers TGV');
INSERT INTO PLATFORM VALUES('A',1,53,0,0,null,480);
INSERT INTO PLATFORM VALUES('B',1,53,0,0,null,480);
INSERT INTO PLATFORM VALUES('C',1,53,0,0,null,480);
INSERT INTO PLATFORM VALUES('D',1,53,0,0,null,480);
INSERT INTO PLATFORM VALUES('E',1,53,0,0,null,480);
INSERT INTO PLATFORM VALUES('F',1,53,0,0,null,480);
INSERT INTO PLATFORM VALUES('G',1,53,0,0,null,480);
INSERT INTO PLATFORM VALUES('H',1,53,0,0,null,480);
INSERT INTO PLATFORM VALUES('I',1,53,0,0,null,480);
INSERT INTO CITY VALUES(51,250,86,86360,'Chasseneuil-du-Poitou');
INSERT INTO STATION VALUES(54,51,'Futuroscope');
INSERT INTO PLATFORM VALUES('A',1,54,0,0,null,480);
INSERT INTO PLATFORM VALUES('B',1,54,0,0,null,480);
INSERT INTO CITY VALUES(52,250,79,79400,'St-Maixent');
INSERT INTO STATION VALUES(55,52,'St-Maixent');
INSERT INTO PLATFORM VALUES('A',1,55,0,0,null,480);
INSERT INTO PLATFORM VALUES('B',1,55,0,0,null,480);
INSERT INTO CITY VALUES(53,250,16,16000,'Angoulême');
INSERT INTO STATION VALUES(56,53,'Angoulême TGV');
INSERT INTO PLATFORM VALUES('A',1,56,0,0,null,480);
INSERT INTO PLATFORM VALUES('B',1,56,0,0,null,480);
INSERT INTO PLATFORM VALUES('C',1,56,0,0,null,480);
INSERT INTO PLATFORM VALUES('D',1,56,0,0,null,480);
INSERT INTO PLATFORM VALUES('E',1,56,0,0,null,480);
INSERT INTO PLATFORM VALUES('F',1,56,0,0,null,480);
INSERT INTO PLATFORM VALUES('G',1,56,0,0,null,480);
INSERT INTO CITY VALUES(54,250,33,33500,'Libourne');
INSERT INTO STATION VALUES(57,54,'Libourne TGV');
INSERT INTO PLATFORM VALUES('A',1,57,0,0,null,480);
INSERT INTO PLATFORM VALUES('B',1,57,0,0,null,480);
INSERT INTO PLATFORM VALUES('C',1,57,0,0,null,480);
INSERT INTO PLATFORM VALUES('D',1,57,0,0,null,480);
INSERT INTO CITY VALUES(55,250,47,47000,'Agen');
INSERT INTO STATION VALUES(58,55,'Agen TGV');
INSERT INTO PLATFORM VALUES('A',1,58,0,0,null,480);
INSERT INTO PLATFORM VALUES('B',1,58,0,0,null,480);
INSERT INTO PLATFORM VALUES('C',1,58,0,0,null,480);
INSERT INTO PLATFORM VALUES('D',1,58,0,0,null,480);
INSERT INTO PLATFORM VALUES('E',1,58,0,0,null,480);
INSERT INTO CITY VALUES(56,250,82,82000,'Montauban');
INSERT INTO STATION VALUES(59,56,'Montauban');
INSERT INTO PLATFORM VALUES('A',1,59,0,0,null,480);
INSERT INTO PLATFORM VALUES('B',1,59,0,0,null,480);
INSERT INTO PLATFORM VALUES('C',1,59,0,0,null,480);
INSERT INTO PLATFORM VALUES('D',1,59,0,0,null,480);
INSERT INTO CITY VALUES(57,250,31,31000,'Toulouse');
INSERT INTO STATION VALUES(60,57,'Toulouse-Matabiau');
INSERT INTO PLATFORM VALUES('A',1,60,0,0,null,480);
INSERT INTO PLATFORM VALUES('B',1,60,0,0,null,480);
INSERT INTO PLATFORM VALUES('C',1,60,0,0,null,480);
INSERT INTO PLATFORM VALUES('D',1,60,0,0,null,480);
INSERT INTO PLATFORM VALUES('E',1,60,0,0,null,480);
INSERT INTO PLATFORM VALUES('F',1,60,0,0,null,480);
INSERT INTO PLATFORM VALUES('G',1,60,0,0,null,480);
INSERT INTO PLATFORM VALUES('H',1,60,0,0,null,480);
INSERT INTO PLATFORM VALUES('I',1,60,0,0,null,480);
INSERT INTO PLATFORM VALUES('J',1,60,0,0,null,480);
INSERT INTO PLATFORM VALUES('K',1,60,0,0,null,480);
INSERT INTO PLATFORM VALUES('L',1,60,0,0,null,480);
INSERT INTO PLATFORM VALUES('M',1,60,0,0,null,480);
INSERT INTO PLATFORM VALUES('N',1,60,0,0,null,480);
INSERT INTO CITY VALUES(58,250,11,11000,'Carcassonne');
INSERT INTO STATION VALUES(61,58,'Carcassonne TGV');
INSERT INTO PLATFORM VALUES('A',1,61,0,0,null,480);
INSERT INTO PLATFORM VALUES('B',1,61,0,0,null,480);
INSERT INTO PLATFORM VALUES('C',1,61,0,0,null,480);
INSERT INTO PLATFORM VALUES('D',1,61,0,0,null,480);
INSERT INTO PLATFORM VALUES('E',1,61,0,0,null,480);
INSERT INTO PLATFORM VALUES('F',1,61,0,0,null,480);
INSERT INTO CITY VALUES(59,250,11,11100,'Narbonne');
INSERT INTO STATION VALUES(62,59,'Narbonne');
INSERT INTO PLATFORM VALUES('A',1,62,0,0,null,480);
INSERT INTO PLATFORM VALUES('B',1,62,0,0,null,480);
INSERT INTO PLATFORM VALUES('C',1,62,0,0,null,480);
INSERT INTO PLATFORM VALUES('D',1,62,0,0,null,480);
INSERT INTO PLATFORM VALUES('E',1,62,0,0,null,480);
INSERT INTO PLATFORM VALUES('F',1,62,0,0,null,480);
INSERT INTO CITY VALUES(60,250,11,11200,'Perpignan');
INSERT INTO STATION VALUES(63,60,'Perpignan');
INSERT INTO PLATFORM VALUES('A',1,63,0,0,null,480);
INSERT INTO PLATFORM VALUES('B',1,63,0,0,null,480);
INSERT INTO PLATFORM VALUES('C',1,63,0,0,null,480);
INSERT INTO PLATFORM VALUES('D',1,63,0,0,null,480);
INSERT INTO PLATFORM VALUES('E',1,63,0,0,null,480);
INSERT INTO PLATFORM VALUES('F',1,63,0,0,null,480);
INSERT INTO CITY VALUES(61,250,34,34500,'Béziers');
INSERT INTO STATION VALUES(64,61,'Béziers');
INSERT INTO PLATFORM VALUES('A',1,64,0,0,null,480);
INSERT INTO PLATFORM VALUES('B',1,64,0,0,null,480);
INSERT INTO PLATFORM VALUES('C',1,64,0,0,null,480);
INSERT INTO PLATFORM VALUES('D',1,64,0,0,null,480);
INSERT INTO PLATFORM VALUES('E',1,64,0,0,null,480);
INSERT INTO CITY VALUES(62,250,34,34300,'Agde');
INSERT INTO STATION VALUES(65,62,'Agde');
INSERT INTO PLATFORM VALUES('A',1,65,0,0,null,480);
INSERT INTO PLATFORM VALUES('B',1,65,0,0,null,480);
INSERT INTO PLATFORM VALUES('C',1,65,0,0,null,480);
INSERT INTO PLATFORM VALUES('D',1,65,0,0,null,480);
INSERT INTO CITY VALUES(63,250,34,34200,'Sète');
INSERT INTO STATION VALUES(66,63,'Sète');
INSERT INTO PLATFORM VALUES('A',1,66,0,0,null,480);
INSERT INTO PLATFORM VALUES('B',1,66,0,0,null,480);
INSERT INTO PLATFORM VALUES('C',1,66,0,0,null,480);
INSERT INTO PLATFORM VALUES('D',1,66,0,0,null,480);
INSERT INTO PLATFORM VALUES('E',1,66,0,0,null,480);
INSERT INTO CITY VALUES(64,250,13,13000,'Marseille');
INSERT INTO STATION VALUES(67,64,'Marseille-St-Charles');
INSERT INTO PLATFORM VALUES('A',1,67,0,0,null,480);
INSERT INTO PLATFORM VALUES('B',1,67,0,0,null,480);
INSERT INTO PLATFORM VALUES('C',1,67,0,0,null,480);
INSERT INTO PLATFORM VALUES('D',1,67,0,0,null,480);
INSERT INTO PLATFORM VALUES('E',1,67,0,0,null,480);
INSERT INTO PLATFORM VALUES('F',1,67,0,0,null,480);
INSERT INTO PLATFORM VALUES('G',1,67,0,0,null,480);
INSERT INTO PLATFORM VALUES('H',1,67,0,0,null,480);
INSERT INTO PLATFORM VALUES('I',1,67,0,0,null,480);
INSERT INTO PLATFORM VALUES('J',1,67,0,0,null,480);
INSERT INTO PLATFORM VALUES('K',1,67,0,0,null,480);
INSERT INTO PLATFORM VALUES('L',1,67,0,0,null,480);
INSERT INTO PLATFORM VALUES('M',1,67,0,0,null,480);
INSERT INTO PLATFORM VALUES('N',1,67,0,0,null,480);
INSERT INTO PLATFORM VALUES('O',1,67,0,0,null,480);
INSERT INTO PLATFORM VALUES('P',1,67,0,0,null,480);
INSERT INTO PLATFORM VALUES('Q',1,67,0,0,null,480);
INSERT INTO CITY VALUES(65,250,13,13080,'Aix-en-Provence');
INSERT INTO STATION VALUES(68,65,'Aix-en-Provence TGV');
INSERT INTO PLATFORM VALUES('A',1,68,0,0,null,480);
INSERT INTO PLATFORM VALUES('B',1,68,0,0,null,480);
INSERT INTO PLATFORM VALUES('C',1,68,0,0,null,480);
INSERT INTO PLATFORM VALUES('D',1,68,0,0,null,480);

INSERT INTO CITY VALUES(66,724,17,17600,'Figueres');
INSERT INTO STATION VALUES(69,66,'Figueres-Vilafant');
INSERT INTO PLATFORM VALUES('A',1,69,0,0,null,480);
INSERT INTO PLATFORM VALUES('B',1,69,0,0,null,480);
INSERT INTO PLATFORM VALUES('C',1,69,0,0,null,480);
INSERT INTO PLATFORM VALUES('D',1,69,0,0,null,480);
INSERT INTO CITY VALUES(67,724,17,17001,'Girona');
INSERT INTO STATION VALUES(70,67,'Girona');
INSERT INTO PLATFORM VALUES('A',1,70,0,0,null,480);
INSERT INTO PLATFORM VALUES('B',1,70,0,0,null,480);
INSERT INTO PLATFORM VALUES('C',1,70,0,0,null,480);
INSERT INTO PLATFORM VALUES('D',1,70,0,0,null,480);
INSERT INTO PLATFORM VALUES('A',2,70,0,0,null,480);
INSERT INTO PLATFORM VALUES('B',2,70,0,0,null,480);
INSERT INTO PLATFORM VALUES('C',2,70,0,0,null,480);
INSERT INTO PLATFORM VALUES('D',2,70,0,0,null,480);
INSERT INTO CITY VALUES(68,724,8,8001,'Barcelone');
INSERT INTO STATION VALUES(71,68,'Barcelone-Sants');
INSERT INTO PLATFORM VALUES('A',1,71,0,0,null,480);
INSERT INTO PLATFORM VALUES('B',1,71,0,0,null,480);
INSERT INTO PLATFORM VALUES('C',1,71,0,0,null,480);
INSERT INTO PLATFORM VALUES('D',1,71,0,0,null,480);
INSERT INTO PLATFORM VALUES('E',1,71,0,0,null,480);
INSERT INTO PLATFORM VALUES('F',1,71,0,0,null,480);
INSERT INTO PLATFORM VALUES('G',1,71,0,0,null,480);
INSERT INTO PLATFORM VALUES('H',1,71,0,0,null,480);
INSERT INTO PLATFORM VALUES('I',1,71,0,0,null,480);
INSERT INTO PLATFORM VALUES('J',1,71,0,0,null,480);
INSERT INTO PLATFORM VALUES('K',1,71,0,0,null,480);
INSERT INTO PLATFORM VALUES('L',1,71,0,0,null,480);
INSERT INTO PLATFORM VALUES('M',1,71,0,0,null,480);
INSERT INTO PLATFORM VALUES('N',1,71,0,0,null,480);
INSERT INTO CITY VALUES(69,724,43,43001,'Tarragone');
INSERT INTO STATION VALUES(72,69,'Tarragone');
INSERT INTO PLATFORM VALUES('A',1,72,0,0,null,480);
INSERT INTO PLATFORM VALUES('B',1,72,0,0,null,480);
INSERT INTO PLATFORM VALUES('C',1,72,0,0,null,480);
INSERT INTO PLATFORM VALUES('D',1,72,0,0,null,480);
INSERT INTO PLATFORM VALUES('E',1,72,0,0,null,480);
INSERT INTO PLATFORM VALUES('F',1,72,0,0,null,480);
INSERT INTO PLATFORM VALUES('G',1,72,0,0,null,480);
INSERT INTO PLATFORM VALUES('H',1,72,0,0,null,480);
INSERT INTO PLATFORM VALUES('I',1,72,0,0,null,480);
INSERT INTO PLATFORM VALUES('J',1,72,0,0,null,480);
INSERT INTO PLATFORM VALUES('K',1,72,0,0,null,480);
INSERT INTO CITY VALUES(70,724,50,50001,'Zaragoza');
INSERT INTO STATION VALUES(73,70,'Zaragoza Delicias');
INSERT INTO PLATFORM VALUES('A',1,73,0,0,null,480);
INSERT INTO PLATFORM VALUES('B',1,73,0,0,null,480);
INSERT INTO PLATFORM VALUES('C',1,73,0,0,null,480);
INSERT INTO PLATFORM VALUES('D',1,73,0,0,null,480);
INSERT INTO PLATFORM VALUES('E',1,73,0,0,null,480);
INSERT INTO PLATFORM VALUES('F',1,73,0,0,null,480);
INSERT INTO CITY VALUES(71,724,28,28001,'Madrid');
INSERT INTO STATION VALUES(74,71,'Madrid-Atocha');
INSERT INTO PLATFORM VALUES('A',1,74,0,0,null,480);
INSERT INTO PLATFORM VALUES('B',1,74,0,0,null,480);
INSERT INTO PLATFORM VALUES('C',1,74,0,0,null,480);
INSERT INTO PLATFORM VALUES('D',1,74,0,0,null,480);
INSERT INTO PLATFORM VALUES('E',1,74,0,0,null,480);
INSERT INTO PLATFORM VALUES('F',1,74,0,0,null,480);
INSERT INTO PLATFORM VALUES('G',1,74,0,0,null,480);
INSERT INTO PLATFORM VALUES('H',1,74,0,0,null,480);
INSERT INTO PLATFORM VALUES('I',1,74,0,0,null,480);
INSERT INTO PLATFORM VALUES('J',1,74,0,0,null,480);

INSERT INTO CITY VALUES(72,756,25,25000,'Genève');
INSERT INTO STATION VALUES(75,72,'Genève Cornavin');
INSERT INTO PLATFORM VALUES('A',1,75,0,0,null,480);
INSERT INTO PLATFORM VALUES('B',1,75,0,0,null,480);
INSERT INTO PLATFORM VALUES('C',1,75,0,0,null,480);
INSERT INTO PLATFORM VALUES('D',1,75,0,0,null,480);
INSERT INTO PLATFORM VALUES('E',1,75,0,0,null,480);
INSERT INTO PLATFORM VALUES('F',1,75,0,0,null,480);
INSERT INTO PLATFORM VALUES('G',1,75,0,0,null,480);
INSERT INTO PLATFORM VALUES('H',1,75,0,0,null,480);
INSERT INTO CITY VALUES(73,756,22,22000,'Lausanne');
INSERT INTO STATION VALUES(76,73,'Lausanne Gare');
INSERT INTO PLATFORM VALUES('A',1,76,0,0,null,480);
INSERT INTO PLATFORM VALUES('B',1,76,0,0,null,480);
INSERT INTO PLATFORM VALUES('C',1,76,0,0,null,480);
INSERT INTO PLATFORM VALUES('D',1,76,0,0,null,480);
INSERT INTO PLATFORM VALUES('E',1,76,0,0,null,480);
INSERT INTO PLATFORM VALUES('F',1,76,0,0,null,480);
INSERT INTO PLATFORM VALUES('G',1,76,0,0,null,480);
INSERT INTO PLATFORM VALUES('H',1,76,0,0,null,480);
INSERT INTO PLATFORM VALUES('I',1,76,0,0,null,480);
INSERT INTO CITY VALUES(74,756,24,24000,'Neuchâtel');
INSERT INTO STATION VALUES(77,74,'Neuchâtel Gare');
INSERT INTO PLATFORM VALUES('A',1,77,0,0,null,480);
INSERT INTO PLATFORM VALUES('B',1,77,0,0,null,480);
INSERT INTO PLATFORM VALUES('C',1,77,0,0,null,480);
INSERT INTO PLATFORM VALUES('D',1,77,0,0,null,480);
INSERT INTO PLATFORM VALUES('E',1,77,0,0,null,480);
INSERT INTO PLATFORM VALUES('F',1,77,0,0,null,480);
INSERT INTO PLATFORM VALUES('G',1,77,0,0,null,480);


INSERT INTO STATION VALUES(78,1,'Paris Montparnasse');
INSERT INTO PLATFORM VALUES('A',1,78,0,0,null,480);
INSERT INTO PLATFORM VALUES('B',1,78,0,0,null,480);
INSERT INTO PLATFORM VALUES('C',1,78,0,0,null,480);
INSERT INTO PLATFORM VALUES('D',1,78,0,0,null,480);
INSERT INTO PLATFORM VALUES('E',1,78,0,0,null,480);
INSERT INTO PLATFORM VALUES('F',1,78,0,0,null,480);
INSERT INTO PLATFORM VALUES('G',1,78,0,0,null,480);
INSERT INTO PLATFORM VALUES('H',1,78,0,0,null,480);
INSERT INTO PLATFORM VALUES('I',1,78,0,0,null,480);
INSERT INTO PLATFORM VALUES('J',1,78,0,0,null,480);
INSERT INTO PLATFORM VALUES('A',2,78,0,0,null,400);
INSERT INTO PLATFORM VALUES('B',2,78,0,0,null,400);
INSERT INTO PLATFORM VALUES('C',2,78,0,0,null,400);
INSERT INTO PLATFORM VALUES('D',2,78,0,0,null,400);
INSERT INTO PLATFORM VALUES('E',2,78,0,0,null,400);
INSERT INTO PLATFORM VALUES('F',2,78,0,0,null,400);
INSERT INTO PLATFORM VALUES('G',2,78,0,0,null,400);
INSERT INTO PLATFORM VALUES('H',2,78,0,0,null,400);
INSERT INTO PLATFORM VALUES('A',3,78,0,0,null,400);
INSERT INTO PLATFORM VALUES('B',3,78,0,0,null,400);
INSERT INTO PLATFORM VALUES('C',3,78,0,0,null,400);
INSERT INTO PLATFORM VALUES('D',3,78,0,0,null,400);

INSERT INTO STATION VALUES(79,1,'Paris Gare du Nord');
INSERT INTO PLATFORM VALUES('A',1,79,0,0,null,480);
INSERT INTO PLATFORM VALUES('B',1,79,0,0,null,480);
INSERT INTO PLATFORM VALUES('C',1,79,0,0,null,480);
INSERT INTO PLATFORM VALUES('D',1,79,0,0,null,480);
INSERT INTO PLATFORM VALUES('A',2,79,0,0,null,480);
INSERT INTO PLATFORM VALUES('B',2,79,0,0,null,480);
INSERT INTO PLATFORM VALUES('C',2,79,0,0,null,480);
INSERT INTO PLATFORM VALUES('D',2,79,0,0,null,480);
INSERT INTO PLATFORM VALUES('E',2,79,0,0,null,480);
INSERT INTO PLATFORM VALUES('F',2,79,0,0,null,480);
INSERT INTO PLATFORM VALUES('G',2,79,0,0,null,480);
INSERT INTO PLATFORM VALUES('H',2,79,0,0,null,480);
INSERT INTO PLATFORM VALUES('I',2,79,0,0,null,480);
INSERT INTO PLATFORM VALUES('J',2,79,0,0,null,480);
INSERT INTO PLATFORM VALUES('K',2,79,0,0,null,480);
INSERT INTO PLATFORM VALUES('L',2,79,0,0,null,480);
INSERT INTO PLATFORM VALUES('M',2,79,0,0,null,480);
INSERT INTO PLATFORM VALUES('N',2,79,0,0,null,480);
INSERT INTO PLATFORM VALUES('O',2,79,0,0,null,480);
INSERT INTO PLATFORM VALUES('P',2,79,0,0,null,480);
INSERT INTO PLATFORM VALUES('Q',2,79,0,0,null,480);
INSERT INTO PLATFORM VALUES('R',2,79,0,0,null,480);
INSERT INTO PLATFORM VALUES('S',2,79,0,0,null,480);
INSERT INTO PLATFORM VALUES('T',2,79,0,0,null,480);
INSERT INTO PLATFORM VALUES('U',2,79,0,0,null,480);
INSERT INTO PLATFORM VALUES('V',2,79,0,0,null,480);
INSERT INTO PLATFORM VALUES('W',2,79,0,0,null,480);
INSERT INTO PLATFORM VALUES('X',2,79,0,0,null,480);
INSERT INTO PLATFORM VALUES('Y',2,79,0,0,null,480);
INSERT INTO PLATFORM VALUES('Z',2,79,0,0,null,480);
INSERT INTO PLATFORM VALUES('A',3,79,0,0,null,480);
INSERT INTO PLATFORM VALUES('B',3,79,0,0,null,480);
INSERT INTO PLATFORM VALUES('C',3,79,0,0,null,480);
INSERT INTO PLATFORM VALUES('D',3,79,0,0,null,480);
INSERT INTO STATION VALUES(80,12,'Montpellier Sud de France');
INSERT INTO PLATFORM VALUES('A',1,80,0,0,null,480);
INSERT INTO PLATFORM VALUES('B',1,80,0,0,null,480);
INSERT INTO PLATFORM VALUES('C',1,80,0,0,null,480);
INSERT INTO PLATFORM VALUES('D',1,80,0,0,null,480);

INSERT INTO LINE VALUES (7901901,79,19);
INSERT INTO LINE_STOP VALUES (7901901,79,1,10);
INSERT INTO LINE_STOP VALUES (7901901,19,2,10);
INSERT INTO DELTA_TIME_STATION VALUES (79,19,137,68.5);
INSERT INTO LINE VALUES (1907901,19,79);
INSERT INTO LINE_STOP VALUES (1907901,19,1,10);
INSERT INTO LINE_STOP VALUES (1907901,79,2,10);

INSERT INTO LINE VALUES (7901902,79,19);
INSERT INTO LINE_STOP VALUES (7901902,79,1,10);
INSERT INTO LINE_STOP VALUES (7901902,20,2,10);
INSERT INTO LINE_STOP VALUES (7901902,19,3,10);
INSERT INTO DELTA_TIME_STATION VALUES (79,20,37,18.5);
INSERT INTO DELTA_TIME_STATION VALUES (20,19,100,50);
INSERT INTO LINE VALUES (1907902,19,79);
INSERT INTO LINE_STOP VALUES (1907902,19,1,10);
INSERT INTO LINE_STOP VALUES (1907902,20,2,10);
INSERT INTO LINE_STOP VALUES (1907902,79,3,10);

INSERT INTO LINE VALUES (7901903,79,19);
INSERT INTO LINE_STOP VALUES (7901903,79,1,10);
INSERT INTO LINE_STOP VALUES (7901903,29,2,10);
INSERT INTO LINE_STOP VALUES (7901903,20,3,10);
INSERT INTO LINE_STOP VALUES (7901903,19,4,10);
INSERT INTO DELTA_TIME_STATION VALUES (79,29,62,31);
INSERT INTO DELTA_TIME_STATION VALUES (29,20,57,28.5);
INSERT INTO LINE VALUES (1907903,19,79);
INSERT INTO LINE_STOP VALUES (1907903,19,1,10);
INSERT INTO LINE_STOP VALUES (1907903,20,2,10);
INSERT INTO LINE_STOP VALUES (1907903,29,3,10);
INSERT INTO LINE_STOP VALUES (1907903,79,4,10);

INSERT INTO LINE VALUES (7901904,79,19);
INSERT INTO LINE_STOP VALUES (7901904,79,1,10);
INSERT INTO LINE_STOP VALUES (7901904,29,2,10);
INSERT INTO LINE_STOP VALUES (7901904,19,3,10);
INSERT INTO DELTA_TIME_STATION VALUES (29,19,97,48.5);
INSERT INTO LINE VALUES (1907904,19,79);
INSERT INTO LINE_STOP VALUES (1907904,19,1,10);
INSERT INTO LINE_STOP VALUES (1907904,29,2,10);
INSERT INTO LINE_STOP VALUES (1907904,79,3,10);

INSERT INTO LINE VALUES (7901905,79,19);
INSERT INTO LINE_STOP VALUES (7901905,79,1,10);
INSERT INTO LINE_STOP VALUES (7901905,29,2,10);
INSERT INTO LINE_STOP VALUES (7901905,25,3,10);
INSERT INTO LINE_STOP VALUES (7901905,20,4,10);
INSERT INTO LINE_STOP VALUES (7901905,19,5,10);
INSERT INTO DELTA_TIME_STATION VALUES (29,25,75,37.5);
INSERT INTO DELTA_TIME_STATION VALUES (25,20,91,45.5);
INSERT INTO LINE VALUES (1907905,19,79);
INSERT INTO LINE_STOP VALUES (1907905,19,1,10);
INSERT INTO LINE_STOP VALUES (1907905,20,2,10);
INSERT INTO LINE_STOP VALUES (1907905,25,3,10);
INSERT INTO LINE_STOP VALUES (1907905,29,4,10);
INSERT INTO LINE_STOP VALUES (1907905,79,5,10);


INSERT INTO LINE VALUES (7803601,78,36);
INSERT INTO LINE_STOP VALUES (7803601,78,1,10);
INSERT INTO LINE_STOP VALUES (7803601,36,2,10);
INSERT INTO LINE VALUES (3607801,36,78);
INSERT INTO LINE_STOP VALUES (3607801,36,1,10);
INSERT INTO LINE_STOP VALUES (3607801,78,2,10);
INSERT INTO LINE VALUES (7803602,78,36);
INSERT INTO LINE_STOP VALUES (7803602,78,1,10);
INSERT INTO LINE_STOP VALUES (7803602,34,2,5);
INSERT INTO LINE_STOP VALUES (7803602,36,3,10);
INSERT INTO LINE VALUES (3607802,36,78);
INSERT INTO LINE_STOP VALUES (3607802,36,1,10);
INSERT INTO LINE_STOP VALUES (3607802,34,2,5);
INSERT INTO LINE_STOP VALUES (3607802,78,3,10);
INSERT INTO LINE VALUES (7803603,78,36);
INSERT INTO LINE_STOP VALUES (7803603,78,1,10);
INSERT INTO LINE_STOP VALUES (7803603,35,2,5);
INSERT INTO LINE_STOP VALUES (7803603,36,3,10);
INSERT INTO LINE VALUES (3607803,36,78);
INSERT INTO LINE_STOP VALUES (3607803,36,1,10);
INSERT INTO LINE_STOP VALUES (3607803,35,2,5);
INSERT INTO LINE_STOP VALUES (3607803,78,3,10);

INSERT INTO LINE VALUES (7803101,78,31);
INSERT INTO LINE_STOP VALUES (7803101,78,1,10);
INSERT INTO LINE_STOP VALUES (7803101,31,2,10);
INSERT INTO LINE VALUES (3107801,31,78);
INSERT INTO LINE_STOP VALUES (3107801,31,1,10);
INSERT INTO LINE_STOP VALUES (3107801,78,2,10);
INSERT INTO LINE VALUES (7803102,78,31);
INSERT INTO LINE_STOP VALUES (7803102,78,1,10);
INSERT INTO LINE_STOP VALUES (7803102,32,2,10);
INSERT INTO LINE_STOP VALUES (7803102,31,3,10);
INSERT INTO LINE VALUES (3107802,31,78);
INSERT INTO LINE_STOP VALUES (3107802,31,1,10);
INSERT INTO LINE_STOP VALUES (3107802,32,2,10);
INSERT INTO LINE_STOP VALUES (3107802,78,3,10);
INSERT INTO LINE VALUES (7803103,78,31);
INSERT INTO LINE_STOP VALUES (7803103,78,1,10);
INSERT INTO LINE_STOP VALUES (7803103,33,2,10);
INSERT INTO LINE_STOP VALUES (7803103,32,3,10);
INSERT INTO LINE_STOP VALUES (7803103,31,4,10);
INSERT INTO LINE VALUES (3107803,31,78);
INSERT INTO LINE_STOP VALUES (3107803,31,1,10);
INSERT INTO LINE_STOP VALUES (3107803,32,2,10);
INSERT INTO LINE_STOP VALUES (3107803,33,3,10);
INSERT INTO LINE_STOP VALUES (3107803,78,4,10);
INSERT INTO LINE VALUES (7803104,78,31);
INSERT INTO LINE_STOP VALUES (7803104,78,1,10);
INSERT INTO LINE_STOP VALUES (7803104,34,2,10);
INSERT INTO LINE_STOP VALUES (7803104,33,3,10);
INSERT INTO LINE_STOP VALUES (7803104,32,4,10);
INSERT INTO LINE_STOP VALUES (7803104,31,5,10);
INSERT INTO LINE VALUES (3107804,31,78);
INSERT INTO LINE_STOP VALUES (3107804,31,1,10);
INSERT INTO LINE_STOP VALUES (3107804,32,2,10);
INSERT INTO LINE_STOP VALUES (3107804,33,3,10);
INSERT INTO LINE_STOP VALUES (3107804,34,4,10);
INSERT INTO LINE_STOP VALUES (3107804,78,5,10);

INSERT INTO LINE VALUES (7902501,79,25);
INSERT INTO LINE_STOP VALUES (7902501,79,1,10);
INSERT INTO LINE_STOP VALUES (7902501,25,2,10);
INSERT INTO LINE VALUES (2507901,25,79);
INSERT INTO LINE_STOP VALUES (2507901,25,1,10);
INSERT INTO LINE_STOP VALUES (2507901,79,2,10);
INSERT INTO LINE VALUES (7902502,79,25);
INSERT INTO LINE_STOP VALUES (7902502,79,1,10);
INSERT INTO LINE_STOP VALUES (7902502,30,2,10);
INSERT INTO LINE_STOP VALUES (7902502,25,3,10);
INSERT INTO LINE VALUES (2507902,25,79);
INSERT INTO LINE_STOP VALUES (2507902,25,1,10);
INSERT INTO LINE_STOP VALUES (2507902,30,2,10);
INSERT INTO LINE_STOP VALUES (2507902,79,3,10);
INSERT INTO LINE VALUES (7902503,79,25);
INSERT INTO LINE_STOP VALUES (7902503,79,1,10);
INSERT INTO LINE_STOP VALUES (7902503,27,2,10);
INSERT INTO LINE_STOP VALUES (7902503,28,3,10);
INSERT INTO LINE_STOP VALUES (7902503,26,4,10);
INSERT INTO LINE_STOP VALUES (7902503,25,5,10);
INSERT INTO LINE VALUES (2507903,25,79);
INSERT INTO LINE_STOP VALUES (2507903,25,1,10);
INSERT INTO LINE_STOP VALUES (2507903,26,2,10);
INSERT INTO LINE_STOP VALUES (2507903,28,3,10);
INSERT INTO LINE_STOP VALUES (2507903,27,4,10);
INSERT INTO LINE_STOP VALUES (2507903,79,5,10);
INSERT INTO LINE VALUES (7902504,79,25);
INSERT INTO LINE_STOP VALUES (7902504,79,1,10);
INSERT INTO LINE_STOP VALUES (7902504,30,2,10);
INSERT INTO LINE_STOP VALUES (7902504,27,3,10);
INSERT INTO LINE_STOP VALUES (7902504,28,4,10);
INSERT INTO LINE_STOP VALUES (7902504,26,5,10);
INSERT INTO LINE_STOP VALUES (7902504,25,6,10);
INSERT INTO LINE VALUES (2507904,25,79);
INSERT INTO LINE_STOP VALUES (2507904,25,1,10);
INSERT INTO LINE_STOP VALUES (2507904,26,2,10);
INSERT INTO LINE_STOP VALUES (2507904,28,3,10);
INSERT INTO LINE_STOP VALUES (2507904,27,4,10);
INSERT INTO LINE_STOP VALUES (2507904,30,5,10);
INSERT INTO LINE_STOP VALUES (2507904,79,6,10);
INSERT INTO LINE VALUES (7902505,79,25);
INSERT INTO LINE_STOP VALUES (7902505,79,1,10);
INSERT INTO LINE_STOP VALUES (7902505,30,2,10);
INSERT INTO LINE_STOP VALUES (7902505,29,3,10);
INSERT INTO LINE_STOP VALUES (7902505,25,4,10);
INSERT INTO LINE VALUES (2507905,25,79);
INSERT INTO LINE_STOP VALUES (2507905,25,1,10);
INSERT INTO LINE_STOP VALUES (2507905,29,2,10);
INSERT INTO LINE_STOP VALUES (2507905,30,3,10);
INSERT INTO LINE_STOP VALUES (2507905,79,4,10);
INSERT INTO LINE VALUES (7902506,79,25);
INSERT INTO LINE_STOP VALUES (7902506,79,1,10);
INSERT INTO LINE_STOP VALUES (7902506,29,2,10);
INSERT INTO LINE_STOP VALUES (7902506,25,3,10);
INSERT INTO LINE VALUES (2507906,25,79);
INSERT INTO LINE_STOP VALUES (2507906,25,1,10);
INSERT INTO LINE_STOP VALUES (2507906,29,2,10);
INSERT INTO LINE_STOP VALUES (2507906,79,3,10);


